timestamp,role,story_key,story_text
2025-09-28T08:08:45+00:00,manager,due_payments,93 of 100 applicants (93%) plan to pay less than half upfront. Focus follow-ups on Bright Future Consultants who manages 33 of these cases.
2025-09-28T08:08:45+00:00,manager,course_performance,Bachelor of Business leads with 5 active students—0 more than Bachelor of Engineering. In total 16 learners are currently engaged across all courses.
2025-09-28T08:08:45+00:00,manager,study_reasons,'For personal interest / self-development' is the top motivation with 66 students (66%). 'To get a better job / promotion' follows with 20 mentions.
2025-09-28T08:08:45+00:00,leader,top_agents,"Global Pathways leads with 8 enrolments (25% conversion), 4 ahead of NextGen Education."
2025-09-28T08:08:45+00:00,leader,enrollment_trend,"Jul 2025 recorded 1 enrolments, 0 up from T3 2024."
2025-09-28T08:08:45+00:00,leader,estimated_revenue,"16 confirmed students equate to roughly $296,000 in tuition at $18,500 per enrolment. A further 27 offers could add about $299,700 if 60% convert."
2025-09-28T08:08:45+00:00,manager,due_payments,93 of 100 applicants (93%) plan to pay less than half upfront. Focus follow-ups on Bright Future Consultants who manages 33 of these cases.
2025-09-28T08:08:45+00:00,manager,course_performance,Bachelor of Business leads with 5 active students—0 more than Bachelor of Engineering. In total 16 learners are currently engaged across all courses.
2025-09-28T08:08:45+00:00,manager,study_reasons,'For personal interest / self-development' is the top motivation with 66 students (66%). 'To get a better job / promotion' follows with 20 mentions.
2025-09-28T08:08:45+00:00,leader,top_agents,"Global Pathways leads with 8 enrolments (25% conversion), 4 ahead of NextGen Education."
2025-09-28T08:08:45+00:00,leader,enrollment_trend,"Jul 2025 recorded 1 enrolments, 0 up from T3 2024."
2025-09-28T08:08:45+00:00,leader,estimated_revenue,"16 confirmed students equate to roughly $296,000 in tuition at $18,500 per enrolment. A further 27 offers could add about $299,700 if 60% convert."
2025-09-28T08:08:46+00:00,manager,due_payments,93 of 100 applicants (93%) plan to pay less than half upfront. Focus follow-ups on Bright Future Consultants who manages 33 of these cases.
2025-09-28T08:08:46+00:00,manager,course_performance,Bachelor of Business leads with 5 active students—0 more than Bachelor of Engineering. In total 16 learners are currently engaged across all courses.
2025-09-28T08:08:46+00:00,manager,study_reasons,'For personal interest / self-development' is the top motivation with 66 students (66%). 'To get a better job / promotion' follows with 20 mentions.
2025-09-28T08:08:46+00:00,leader,top_agents,"Global Pathways leads with 8 enrolments (25% conversion), 4 ahead of NextGen Education."
2025-09-28T08:08:46+00:00,leader,enrollment_trend,"Jul 2025 recorded 1 enrolments, 0 up from T3 2024."
2025-09-28T08:08:46+00:00,leader,estimated_revenue,"16 confirmed students equate to roughly $296,000 in tuition at $18,500 per enrolment. A further 27 offers could add about $299,700 if 60% convert."
2025-09-28T08:08:46+00:00,manager,due_payments,93 of 100 applicants (93%) plan to pay less than half upfront. Focus follow-ups on Bright Future Consultants who manages 33 of these cases.
2025-09-28T08:08:46+00:00,manager,course_performance,Bachelor of Business leads with 5 active students—0 more than Bachelor of Engineering. In total 16 learners are currently engaged across all courses.
2025-09-28T08:08:46+00:00,manager,study_reasons,'For personal interest / self-development' is the top motivation with 66 students (66%). 'To get a better job / promotion' follows with 20 mentions.
2025-09-28T08:08:46+00:00,leader,top_agents,"Global Pathways leads with 8 enrolments (25% conversion), 4 ahead of NextGen Education."
2025-09-28T08:08:46+00:00,leader,enrollment_trend,"Jul 2025 recorded 1 enrolments, 0 up from T3 2024."
2025-09-28T08:08:46+00:00,leader,estimated_revenue,"16 confirmed students equate to roughly $296,000 in tuition at $18,500 per enrolment. A further 27 offers could add about $299,700 if 60% convert."
2025-09-28T08:43:15+00:00,manager,due_payments,93 of 100 applicants (93%) plan to pay less than half upfront. Focus follow-ups on Bright Future Consultants who manages 33 of these cases.
2025-09-28T08:43:15+00:00,manager,course_performance,Bachelor of Business leads with 5 active students—0 more than Bachelor of Engineering. In total 16 learners are currently engaged across all courses.
2025-09-28T08:43:15+00:00,manager,study_reasons,'For personal interest / self-development' is the top motivation with 66 students (66%). 'To get a better job / promotion' follows with 20 mentions.
2025-09-28T08:43:15+00:00,leader,top_agents,"Global Pathways leads with 8 enrolments (25% conversion), 4 ahead of NextGen Education."
2025-09-28T08:43:15+00:00,leader,enrollment_trend,"Jul 2025 recorded 1 enrolments, 0 up from T3 2024."
2025-09-28T08:43:15+00:00,leader,estimated_revenue,"16 confirmed students equate to roughly $296,000 in tuition at $18,500 per enrolment. A further 27 offers could add about $299,700 if 60% convert."
2025-09-28T08:43:15+00:00,manager,due_payments,93 of 100 applicants (93%) plan to pay less than half upfront. Focus follow-ups on Bright Future Consultants who manages 33 of these cases.
2025-09-28T08:43:15+00:00,manager,course_performance,Bachelor of Business leads with 5 active students—0 more than Bachelor of Engineering. In total 16 learners are currently engaged across all courses.
2025-09-28T08:43:15+00:00,manager,study_reasons,'For personal interest / self-development' is the top motivation with 66 students (66%). 'To get a better job / promotion' follows with 20 mentions.
2025-09-28T08:43:15+00:00,leader,top_agents,"Global Pathways leads with 8 enrolments (25% conversion), 4 ahead of NextGen Education."
2025-09-28T08:43:15+00:00,leader,enrollment_trend,"Jul 2025 recorded 1 enrolments, 0 up from T3 2024."
2025-09-28T08:43:15+00:00,leader,estimated_revenue,"16 confirmed students equate to roughly $296,000 in tuition at $18,500 per enrolment. A further 27 offers could add about $299,700 if 60% convert."
2025-09-28T08:43:16+00:00,manager,due_payments,93 of 100 applicants (93%) plan to pay less than half upfront. Focus follow-ups on Bright Future Consultants who manages 33 of these cases.
2025-09-28T08:43:16+00:00,manager,course_performance,Bachelor of Business leads with 5 active students—0 more than Bachelor of Engineering. In total 16 learners are currently engaged across all courses.
2025-09-28T08:43:16+00:00,manager,study_reasons,'For personal interest / self-development' is the top motivation with 66 students (66%). 'To get a better job / promotion' follows with 20 mentions.
2025-09-28T08:43:16+00:00,leader,top_agents,"Global Pathways leads with 8 enrolments (25% conversion), 4 ahead of NextGen Education."
2025-09-28T08:43:16+00:00,leader,enrollment_trend,"Jul 2025 recorded 1 enrolments, 0 up from T3 2024."
2025-09-28T08:43:16+00:00,leader,estimated_revenue,"16 confirmed students equate to roughly $296,000 in tuition at $18,500 per enrolment. A further 27 offers could add about $299,700 if 60% convert."
2025-09-28T08:43:16+00:00,manager,due_payments,93 of 100 applicants (93%) plan to pay less than half upfront. Focus follow-ups on Bright Future Consultants who manages 33 of these cases.
2025-09-28T08:43:16+00:00,manager,course_performance,Bachelor of Business leads with 5 active students—0 more than Bachelor of Engineering. In total 16 learners are currently engaged across all courses.
2025-09-28T08:43:16+00:00,manager,study_reasons,'For personal interest / self-development' is the top motivation with 66 students (66%). 'To get a better job / promotion' follows with 20 mentions.
2025-09-28T08:43:16+00:00,leader,top_agents,"Global Pathways leads with 8 enrolments (25% conversion), 4 ahead of NextGen Education."
2025-09-28T08:43:16+00:00,leader,enrollment_trend,"Jul 2025 recorded 1 enrolments, 0 up from T3 2024."
2025-09-28T08:43:16+00:00,leader,estimated_revenue,"16 confirmed students equate to roughly $296,000 in tuition at $18,500 per enrolment. A further 27 offers could add about $299,700 if 60% convert."
2025-09-28T10:04:44+00:00,manager,due_payments,"Summary: 93 of 100 applicants (93%) prefer to pay less than half upfront.
Context: Payment preferences were captured from engaged applicants.
Action: Coordinate follow-ups with Bright Future Consultants, who manages 33 of these cases."
2025-09-28T10:04:44+00:00,manager,course_performance,"Summary: Bachelor of Business leads with 5 active students—0 more than Bachelor of Engineering.
Context: 16 learners are currently engaged across all courses.
Action: Share Bachelor of Business's approach to help Bachelor of Engineering close the gap."
2025-09-28T10:04:44+00:00,manager,study_reasons,"Summary: 'For personal interest / self-development' is the leading motivation with 66 students (66%).
Context: 'To get a better job / promotion' follows with 20 mentions.
Action: Tailor messaging to emphasise these motivations during counselling."
2025-09-28T10:04:44+00:00,leader,top_agents,"Summary: Global Pathways leads with 8 enrolments (25% conversion), 4 ahead of NextGen Education.
Context: NextGen Education has 4 confirmed students and can close the gap with targeted support.
Action: Ask Global Pathways to mentor NextGen Education on high-conversion tactics."
2025-09-28T10:04:44+00:00,leader,enrollment_trend,"Summary: Jul 2025 recorded 1 enrolments, 0 up from T3 2024.
Context: The trend reflects 9 recent intakes with reliable data.
Action: Reinforce the campaigns that lifted the latest intake."
2025-09-28T10:04:44+00:00,leader,estimated_revenue,"Summary: 16 confirmed students represent about $296,000 in tuition revenue.
Context: Estimate based on $18,500 per enrolment.
Action: A further 27 offers could add about $299,700 if 60% convert."
2025-09-28T10:04:44+00:00,manager,due_payments,"Summary: 93 of 100 applicants (93%) prefer to pay less than half upfront.
Context: Payment preferences were captured from engaged applicants.
Action: Coordinate follow-ups with Bright Future Consultants, who manages 33 of these cases."
2025-09-28T10:04:44+00:00,manager,course_performance,"Summary: Bachelor of Business leads with 5 active students—0 more than Bachelor of Engineering.
Context: 16 learners are currently engaged across all courses.
Action: Share Bachelor of Business's approach to help Bachelor of Engineering close the gap."
2025-09-28T10:04:44+00:00,manager,study_reasons,"Summary: 'For personal interest / self-development' is the leading motivation with 66 students (66%).
Context: 'To get a better job / promotion' follows with 20 mentions.
Action: Tailor messaging to emphasise these motivations during counselling."
2025-09-28T10:04:44+00:00,leader,top_agents,"Summary: Global Pathways leads with 8 enrolments (25% conversion), 4 ahead of NextGen Education.
Context: NextGen Education has 4 confirmed students and can close the gap with targeted support.
Action: Ask Global Pathways to mentor NextGen Education on high-conversion tactics."
2025-09-28T10:04:44+00:00,leader,enrollment_trend,"Summary: Jul 2025 recorded 1 enrolments, 0 up from T3 2024.
Context: The trend reflects 9 recent intakes with reliable data.
Action: Reinforce the campaigns that lifted the latest intake."
2025-09-28T10:04:44+00:00,leader,estimated_revenue,"Summary: 16 confirmed students represent about $296,000 in tuition revenue.
Context: Estimate based on $18,500 per enrolment.
Action: A further 27 offers could add about $299,700 if 60% convert."
2025-09-28T10:04:44+00:00,manager,due_payments,"Summary: 93 of 100 applicants (93%) prefer to pay less than half upfront.
Context: Payment preferences were captured from engaged applicants.
Action: Coordinate follow-ups with Bright Future Consultants, who manages 33 of these cases."
2025-09-28T10:04:44+00:00,manager,course_performance,"Summary: Bachelor of Business leads with 5 active students—0 more than Bachelor of Engineering.
Context: 16 learners are currently engaged across all courses.
Action: Share Bachelor of Business's approach to help Bachelor of Engineering close the gap."
2025-09-28T10:04:44+00:00,manager,study_reasons,"Summary: 'For personal interest / self-development' is the leading motivation with 66 students (66%).
Context: 'To get a better job / promotion' follows with 20 mentions.
Action: Tailor messaging to emphasise these motivations during counselling."
2025-09-28T10:04:44+00:00,leader,top_agents,"Summary: Global Pathways leads with 8 enrolments (25% conversion), 4 ahead of NextGen Education.
Context: NextGen Education has 4 confirmed students and can close the gap with targeted support.
Action: Ask Global Pathways to mentor NextGen Education on high-conversion tactics."
2025-09-28T10:04:44+00:00,leader,enrollment_trend,"Summary: Jul 2025 recorded 1 enrolments, 0 up from T3 2024.
Context: The trend reflects 9 recent intakes with reliable data.
Action: Reinforce the campaigns that lifted the latest intake."
2025-09-28T10:04:44+00:00,leader,estimated_revenue,"Summary: 16 confirmed students represent about $296,000 in tuition revenue.
Context: Estimate based on $18,500 per enrolment.
Action: A further 27 offers could add about $299,700 if 60% convert."
2025-09-28T10:04:44+00:00,manager,due_payments,"Summary: 93 of 100 applicants (93%) prefer to pay less than half upfront.
Context: Payment preferences were captured from engaged applicants.
Action: Coordinate follow-ups with Bright Future Consultants, who manages 33 of these cases."
2025-09-28T10:04:44+00:00,manager,course_performance,"Summary: Bachelor of Business leads with 5 active students—0 more than Bachelor of Engineering.
Context: 16 learners are currently engaged across all courses.
Action: Share Bachelor of Business's approach to help Bachelor of Engineering close the gap."
2025-09-28T10:04:44+00:00,manager,study_reasons,"Summary: 'For personal interest / self-development' is the leading motivation with 66 students (66%).
Context: 'To get a better job / promotion' follows with 20 mentions.
Action: Tailor messaging to emphasise these motivations during counselling."
2025-09-28T10:04:44+00:00,leader,top_agents,"Summary: Global Pathways leads with 8 enrolments (25% conversion), 4 ahead of NextGen Education.
Context: NextGen Education has 4 confirmed students and can close the gap with targeted support.
Action: Ask Global Pathways to mentor NextGen Education on high-conversion tactics."
2025-09-28T10:04:44+00:00,leader,enrollment_trend,"Summary: Jul 2025 recorded 1 enrolments, 0 up from T3 2024.
Context: The trend reflects 9 recent intakes with reliable data.
Action: Reinforce the campaigns that lifted the latest intake."
2025-09-28T10:04:44+00:00,leader,estimated_revenue,"Summary: 16 confirmed students represent about $296,000 in tuition revenue.
Context: Estimate based on $18,500 per enrolment.
Action: A further 27 offers could add about $299,700 if 60% convert."
2025-09-28T12:04:38+00:00,manager,due_payments,"Summary: 93 of 100 applicants (93%) prefer to pay less than half upfront.
Context: Payment preferences were captured from engaged applicants.
Action: Coordinate follow-ups with Bright Future Consultants, who manages 33 of these cases."
2025-09-28T12:04:38+00:00,manager,course_performance,"Summary: Bachelor of Business leads with 5 active students—0 more than Bachelor of Engineering.
Context: 16 learners are currently engaged across all courses.
Action: Share Bachelor of Business's approach to help Bachelor of Engineering close the gap."
2025-09-28T12:04:38+00:00,manager,study_reasons,"Summary: 'For personal interest / self-development' is the leading motivation with 66 students (66%).
Context: 'To get a better job / promotion' follows with 20 mentions.
Action: Tailor messaging to emphasise these motivations during counselling."
2025-09-28T12:04:38+00:00,leader,top_agents,"Summary: Global Pathways leads with 8 enrolments (25% conversion), 4 ahead of NextGen Education.
Context: NextGen Education has 4 confirmed students and can close the gap with targeted support.
Action: Ask Global Pathways to mentor NextGen Education on high-conversion tactics."
2025-09-28T12:04:38+00:00,leader,enrollment_trend,"Summary: Jul 2025 recorded 1 enrolments, 0 up from T3 2024.
Context: The trend reflects 9 recent intakes with reliable data.
Action: Reinforce the campaigns that lifted the latest intake."
2025-09-28T12:04:38+00:00,leader,estimated_revenue,"Summary: 16 confirmed students represent about $296,000 in tuition revenue.
Context: Estimate based on $18,500 per enrolment.
Action: A further 27 offers could add about $299,700 if 60% convert."
2025-09-28T12:04:38+00:00,manager,due_payments,"Summary: 93 of 100 applicants (93%) prefer to pay less than half upfront.
Context: Payment preferences were captured from engaged applicants.
Action: Coordinate follow-ups with Bright Future Consultants, who manages 33 of these cases."
2025-09-28T12:04:38+00:00,manager,course_performance,"Summary: Bachelor of Business leads with 5 active students—0 more than Bachelor of Engineering.
Context: 16 learners are currently engaged across all courses.
Action: Share Bachelor of Business's approach to help Bachelor of Engineering close the gap."
2025-09-28T12:04:38+00:00,manager,study_reasons,"Summary: 'For personal interest / self-development' is the leading motivation with 66 students (66%).
Context: 'To get a better job / promotion' follows with 20 mentions.
Action: Tailor messaging to emphasise these motivations during counselling."
2025-09-28T12:04:38+00:00,leader,top_agents,"Summary: Global Pathways leads with 8 enrolments (25% conversion), 4 ahead of NextGen Education.
Context: NextGen Education has 4 confirmed students and can close the gap with targeted support.
Action: Ask Global Pathways to mentor NextGen Education on high-conversion tactics."
2025-09-28T12:04:38+00:00,leader,enrollment_trend,"Summary: Jul 2025 recorded 1 enrolments, 0 up from T3 2024.
Context: The trend reflects 9 recent intakes with reliable data.
Action: Reinforce the campaigns that lifted the latest intake."
2025-09-28T12:04:38+00:00,leader,estimated_revenue,"Summary: 16 confirmed students represent about $296,000 in tuition revenue.
Context: Estimate based on $18,500 per enrolment.
Action: A further 27 offers could add about $299,700 if 60% convert."
2025-09-28T12:04:39+00:00,manager,due_payments,"Summary: 93 of 100 applicants (93%) prefer to pay less than half upfront.
Context: Payment preferences were captured from engaged applicants.
Action: Coordinate follow-ups with Bright Future Consultants, who manages 33 of these cases."
2025-09-28T12:04:39+00:00,manager,course_performance,"Summary: Bachelor of Business leads with 5 active students—0 more than Bachelor of Engineering.
Context: 16 learners are currently engaged across all courses.
Action: Share Bachelor of Business's approach to help Bachelor of Engineering close the gap."
2025-09-28T12:04:39+00:00,manager,study_reasons,"Summary: 'For personal interest / self-development' is the leading motivation with 66 students (66%).
Context: 'To get a better job / promotion' follows with 20 mentions.
Action: Tailor messaging to emphasise these motivations during counselling."
2025-09-28T12:04:39+00:00,leader,top_agents,"Summary: Global Pathways leads with 8 enrolments (25% conversion), 4 ahead of NextGen Education.
Context: NextGen Education has 4 confirmed students and can close the gap with targeted support.
Action: Ask Global Pathways to mentor NextGen Education on high-conversion tactics."
2025-09-28T12:04:39+00:00,leader,enrollment_trend,"Summary: Jul 2025 recorded 1 enrolments, 0 up from T3 2024.
Context: The trend reflects 9 recent intakes with reliable data.
Action: Reinforce the campaigns that lifted the latest intake."
2025-09-28T12:04:39+00:00,leader,estimated_revenue,"Summary: 16 confirmed students represent about $296,000 in tuition revenue.
Context: Estimate based on $18,500 per enrolment.
Action: A further 27 offers could add about $299,700 if 60% convert."
2025-09-28T12:04:39+00:00,manager,due_payments,"Summary: 93 of 100 applicants (93%) prefer to pay less than half upfront.
Context: Payment preferences were captured from engaged applicants.
Action: Coordinate follow-ups with Bright Future Consultants, who manages 33 of these cases."
2025-09-28T12:04:39+00:00,manager,course_performance,"Summary: Bachelor of Business leads with 5 active students—0 more than Bachelor of Engineering.
Context: 16 learners are currently engaged across all courses.
Action: Share Bachelor of Business's approach to help Bachelor of Engineering close the gap."
2025-09-28T12:04:39+00:00,manager,study_reasons,"Summary: 'For personal interest / self-development' is the leading motivation with 66 students (66%).
Context: 'To get a better job / promotion' follows with 20 mentions.
Action: Tailor messaging to emphasise these motivations during counselling."
2025-09-28T12:04:39+00:00,leader,top_agents,"Summary: Global Pathways leads with 8 enrolments (25% conversion), 4 ahead of NextGen Education.
Context: NextGen Education has 4 confirmed students and can close the gap with targeted support.
Action: Ask Global Pathways to mentor NextGen Education on high-conversion tactics."
2025-09-28T12:04:39+00:00,leader,enrollment_trend,"Summary: Jul 2025 recorded 1 enrolments, 0 up from T3 2024.
Context: The trend reflects 9 recent intakes with reliable data.
Action: Reinforce the campaigns that lifted the latest intake."
2025-09-28T12:04:39+00:00,leader,estimated_revenue,"Summary: 16 confirmed students represent about $296,000 in tuition revenue.
Context: Estimate based on $18,500 per enrolment.
Action: A further 27 offers could add about $299,700 if 60% convert."
2025-09-30T16:13:40+00:00,manager,due_payments,"Summary: 93 of 100 applicants (93%) prefer to pay less than half upfront.
Context: Payment preferences were captured from engaged applicants.
Action: Coordinate follow-ups with Bright Future Consultants, who manages 33 of these cases."
2025-09-30T16:13:40+00:00,manager,course_performance,"Summary: Bachelor of Business leads with 5 active students—0 more than Bachelor of Engineering.
Context: 16 learners are currently engaged across all courses.
Action: Share Bachelor of Business's approach to help Bachelor of Engineering close the gap."
2025-09-30T16:13:40+00:00,manager,study_reasons,"Summary: 'For personal interest / self-development' is the leading motivation with 66 students (66%).
Context: 'To get a better job / promotion' follows with 20 mentions.
Action: Tailor messaging to emphasise these motivations during counselling."
2025-09-30T16:13:40+00:00,leader,top_agents,"Summary: Global Pathways leads with 8 enrolments (25% conversion), 4 ahead of NextGen Education.
Context: NextGen Education has 4 confirmed students and can close the gap with targeted support.
Action: Ask Global Pathways to mentor NextGen Education on high-conversion tactics."
2025-09-30T16:13:40+00:00,leader,enrollment_trend,"Summary: Jul 2025 recorded 1 enrolments, 0 up from T3 2024.
Context: The trend reflects 9 recent intakes with reliable data.
Action: Reinforce the campaigns that lifted the latest intake."
2025-09-30T16:13:40+00:00,leader,estimated_revenue,"Summary: 16 confirmed students represent about $296,000 in tuition revenue.
Context: Estimate based on $18,500 per enrolment.
Action: A further 27 offers could add about $299,700 if 60% convert."
2025-09-30T16:13:40+00:00,manager,due_payments,"Summary: 93 of 100 applicants (93%) prefer to pay less than half upfront.
Context: Payment preferences were captured from engaged applicants.
Action: Coordinate follow-ups with Bright Future Consultants, who manages 33 of these cases."
2025-09-30T16:13:40+00:00,manager,course_performance,"Summary: Bachelor of Business leads with 5 active students—0 more than Bachelor of Engineering.
Context: 16 learners are currently engaged across all courses.
Action: Share Bachelor of Business's approach to help Bachelor of Engineering close the gap."
2025-09-30T16:13:40+00:00,manager,study_reasons,"Summary: 'For personal interest / self-development' is the leading motivation with 66 students (66%).
Context: 'To get a better job / promotion' follows with 20 mentions.
Action: Tailor messaging to emphasise these motivations during counselling."
2025-09-30T16:13:40+00:00,leader,top_agents,"Summary: Global Pathways leads with 8 enrolments (25% conversion), 4 ahead of NextGen Education.
Context: NextGen Education has 4 confirmed students and can close the gap with targeted support.
Action: Ask Global Pathways to mentor NextGen Education on high-conversion tactics."
2025-09-30T16:13:40+00:00,leader,enrollment_trend,"Summary: Jul 2025 recorded 1 enrolments, 0 up from T3 2024.
Context: The trend reflects 9 recent intakes with reliable data.
Action: Reinforce the campaigns that lifted the latest intake."
2025-09-30T16:13:40+00:00,leader,estimated_revenue,"Summary: 16 confirmed students represent about $296,000 in tuition revenue.
Context: Estimate based on $18,500 per enrolment.
Action: A further 27 offers could add about $299,700 if 60% convert."
2025-09-30T16:13:41+00:00,manager,due_payments,"Summary: 93 of 100 applicants (93%) prefer to pay less than half upfront.
Context: Payment preferences were captured from engaged applicants.
Action: Coordinate follow-ups with Bright Future Consultants, who manages 33 of these cases."
2025-09-30T16:13:41+00:00,manager,course_performance,"Summary: Bachelor of Business leads with 5 active students—0 more than Bachelor of Engineering.
Context: 16 learners are currently engaged across all courses.
Action: Share Bachelor of Business's approach to help Bachelor of Engineering close the gap."
2025-09-30T16:13:41+00:00,manager,study_reasons,"Summary: 'For personal interest / self-development' is the leading motivation with 66 students (66%).
Context: 'To get a better job / promotion' follows with 20 mentions.
Action: Tailor messaging to emphasise these motivations during counselling."
2025-09-30T16:13:41+00:00,leader,top_agents,"Summary: Global Pathways leads with 8 enrolments (25% conversion), 4 ahead of NextGen Education.
Context: NextGen Education has 4 confirmed students and can close the gap with targeted support.
Action: Ask Global Pathways to mentor NextGen Education on high-conversion tactics."
2025-09-30T16:13:41+00:00,leader,enrollment_trend,"Summary: Jul 2025 recorded 1 enrolments, 0 up from T3 2024.
Context: The trend reflects 9 recent intakes with reliable data.
Action: Reinforce the campaigns that lifted the latest intake."
2025-09-30T16:13:41+00:00,leader,estimated_revenue,"Summary: 16 confirmed students represent about $296,000 in tuition revenue.
Context: Estimate based on $18,500 per enrolment.
Action: A further 27 offers could add about $299,700 if 60% convert."
2025-09-30T16:13:41+00:00,manager,due_payments,"Summary: 93 of 100 applicants (93%) prefer to pay less than half upfront.
Context: Payment preferences were captured from engaged applicants.
Action: Coordinate follow-ups with Bright Future Consultants, who manages 33 of these cases."
2025-09-30T16:13:41+00:00,manager,course_performance,"Summary: Bachelor of Business leads with 5 active students—0 more than Bachelor of Engineering.
Context: 16 learners are currently engaged across all courses.
Action: Share Bachelor of Business's approach to help Bachelor of Engineering close the gap."
2025-09-30T16:13:41+00:00,manager,study_reasons,"Summary: 'For personal interest / self-development' is the leading motivation with 66 students (66%).
Context: 'To get a better job / promotion' follows with 20 mentions.
Action: Tailor messaging to emphasise these motivations during counselling."
2025-09-30T16:13:41+00:00,leader,top_agents,"Summary: Global Pathways leads with 8 enrolments (25% conversion), 4 ahead of NextGen Education.
Context: NextGen Education has 4 confirmed students and can close the gap with targeted support.
Action: Ask Global Pathways to mentor NextGen Education on high-conversion tactics."
2025-09-30T16:13:41+00:00,leader,enrollment_trend,"Summary: Jul 2025 recorded 1 enrolments, 0 up from T3 2024.
Context: The trend reflects 9 recent intakes with reliable data.
Action: Reinforce the campaigns that lifted the latest intake."
2025-09-30T16:13:41+00:00,leader,estimated_revenue,"Summary: 16 confirmed students represent about $296,000 in tuition revenue.
Context: Estimate based on $18,500 per enrolment.
Action: A further 27 offers could add about $299,700 if 60% convert."
2025-09-30T16:16:06+00:00,manager,due_payments,"Summary: 93 of 100 applicants (93%) prefer to pay less than half upfront.
Context: Payment preferences were captured from engaged applicants.
Action: Coordinate follow-ups with Bright Future Consultants, who manages 33 of these cases."
2025-09-30T16:16:06+00:00,manager,course_performance,"Summary: Bachelor of Business leads with 5 active students—0 more than Bachelor of Engineering.
Context: 16 learners are currently engaged across all courses.
Action: Share Bachelor of Business's approach to help Bachelor of Engineering close the gap."
2025-09-30T16:16:06+00:00,manager,study_reasons,"Summary: 'For personal interest / self-development' is the leading motivation with 66 students (66%).
Context: 'To get a better job / promotion' follows with 20 mentions.
Action: Tailor messaging to emphasise these motivations during counselling."
2025-09-30T16:16:06+00:00,leader,top_agents,"Summary: Global Pathways leads with 8 enrolments (25% conversion), 4 ahead of NextGen Education.
Context: NextGen Education has 4 confirmed students and can close the gap with targeted support.
Action: Ask Global Pathways to mentor NextGen Education on high-conversion tactics."
2025-09-30T16:16:06+00:00,leader,enrollment_trend,"Summary: Jul 2025 recorded 1 enrolments, 0 up from T3 2024.
Context: The trend reflects 9 recent intakes with reliable data.
Action: Reinforce the campaigns that lifted the latest intake."
2025-09-30T16:16:06+00:00,leader,estimated_revenue,"Summary: 16 confirmed students represent about $296,000 in tuition revenue.
Context: Estimate based on $18,500 per enrolment.
Action: A further 27 offers could add about $299,700 if 60% convert."
2025-09-30T16:16:06+00:00,manager,due_payments,"Summary: 93 of 100 applicants (93%) prefer to pay less than half upfront.
Context: Payment preferences were captured from engaged applicants.
Action: Coordinate follow-ups with Bright Future Consultants, who manages 33 of these cases."
2025-09-30T16:16:06+00:00,manager,course_performance,"Summary: Bachelor of Business leads with 5 active students—0 more than Bachelor of Engineering.
Context: 16 learners are currently engaged across all courses.
Action: Share Bachelor of Business's approach to help Bachelor of Engineering close the gap."
2025-09-30T16:16:06+00:00,manager,study_reasons,"Summary: 'For personal interest / self-development' is the leading motivation with 66 students (66%).
Context: 'To get a better job / promotion' follows with 20 mentions.
Action: Tailor messaging to emphasise these motivations during counselling."
2025-09-30T16:16:06+00:00,leader,top_agents,"Summary: Global Pathways leads with 8 enrolments (25% conversion), 4 ahead of NextGen Education.
Context: NextGen Education has 4 confirmed students and can close the gap with targeted support.
Action: Ask Global Pathways to mentor NextGen Education on high-conversion tactics."
2025-09-30T16:16:06+00:00,leader,enrollment_trend,"Summary: Jul 2025 recorded 1 enrolments, 0 up from T3 2024.
Context: The trend reflects 9 recent intakes with reliable data.
Action: Reinforce the campaigns that lifted the latest intake."
2025-09-30T16:16:06+00:00,leader,estimated_revenue,"Summary: 16 confirmed students represent about $296,000 in tuition revenue.
Context: Estimate based on $18,500 per enrolment.
Action: A further 27 offers could add about $299,700 if 60% convert."
2025-09-30T16:16:53+00:00,manager,due_payments,"Summary: 93 of 100 applicants (93%) prefer to pay less than half upfront.
Context: Payment preferences were captured from engaged applicants.
Action: Coordinate follow-ups with Bright Future Consultants, who manages 33 of these cases."
2025-09-30T16:16:53+00:00,manager,course_performance,"Summary: Bachelor of Business leads with 5 active students—0 more than Bachelor of Engineering.
Context: 16 learners are currently engaged across all courses.
Action: Share Bachelor of Business's approach to help Bachelor of Engineering close the gap."
2025-09-30T16:16:53+00:00,manager,study_reasons,"Summary: 'For personal interest / self-development' is the leading motivation with 66 students (66%).
Context: 'To get a better job / promotion' follows with 20 mentions.
Action: Tailor messaging to emphasise these motivations during counselling."
2025-09-30T16:16:53+00:00,leader,top_agents,"Summary: Global Pathways leads with 8 enrolments (25% conversion), 4 ahead of NextGen Education.
Context: NextGen Education has 4 confirmed students and can close the gap with targeted support.
Action: Ask Global Pathways to mentor NextGen Education on high-conversion tactics."
2025-09-30T16:16:53+00:00,leader,enrollment_trend,"Summary: Jul 2025 recorded 1 enrolments, 0 up from T3 2024.
Context: The trend reflects 9 recent intakes with reliable data.
Action: Reinforce the campaigns that lifted the latest intake."
2025-09-30T16:16:53+00:00,leader,estimated_revenue,"Summary: 16 confirmed students represent about $296,000 in tuition revenue.
Context: Estimate based on $18,500 per enrolment.
Action: A further 27 offers could add about $299,700 if 60% convert."
2025-09-30T16:16:53+00:00,manager,due_payments,"Summary: 93 of 100 applicants (93%) prefer to pay less than half upfront.
Context: Payment preferences were captured from engaged applicants.
Action: Coordinate follow-ups with Bright Future Consultants, who manages 33 of these cases."
2025-09-30T16:16:53+00:00,manager,course_performance,"Summary: Bachelor of Business leads with 5 active students—0 more than Bachelor of Engineering.
Context: 16 learners are currently engaged across all courses.
Action: Share Bachelor of Business's approach to help Bachelor of Engineering close the gap."
2025-09-30T16:16:53+00:00,manager,study_reasons,"Summary: 'For personal interest / self-development' is the leading motivation with 66 students (66%).
Context: 'To get a better job / promotion' follows with 20 mentions.
Action: Tailor messaging to emphasise these motivations during counselling."
2025-09-30T16:16:53+00:00,leader,top_agents,"Summary: Global Pathways leads with 8 enrolments (25% conversion), 4 ahead of NextGen Education.
Context: NextGen Education has 4 confirmed students and can close the gap with targeted support.
Action: Ask Global Pathways to mentor NextGen Education on high-conversion tactics."
2025-09-30T16:16:53+00:00,leader,enrollment_trend,"Summary: Jul 2025 recorded 1 enrolments, 0 up from T3 2024.
Context: The trend reflects 9 recent intakes with reliable data.
Action: Reinforce the campaigns that lifted the latest intake."
2025-09-30T16:16:53+00:00,leader,estimated_revenue,"Summary: 16 confirmed students represent about $296,000 in tuition revenue.
Context: Estimate based on $18,500 per enrolment.
Action: A further 27 offers could add about $299,700 if 60% convert."
2025-09-30T16:28:40+00:00,manager,due_payments,"Summary: 93 of 100 applicants (93%) prefer to pay less than half upfront.
Context: Payment preferences were captured from engaged applicants.
Action: Coordinate follow-ups with Bright Future Consultants, who manages 33 of these cases."
2025-09-30T16:28:40+00:00,manager,course_performance,"Summary: Bachelor of Business leads with 5 active students—0 more than Bachelor of Engineering.
Context: 16 learners are currently engaged across all courses.
Action: Share Bachelor of Business's approach to help Bachelor of Engineering close the gap."
2025-09-30T16:28:40+00:00,manager,study_reasons,"Summary: 'For personal interest / self-development' is the leading motivation with 66 students (66%).
Context: 'To get a better job / promotion' follows with 20 mentions.
Action: Tailor messaging to emphasise these motivations during counselling."
2025-09-30T16:28:40+00:00,leader,top_agents,"Summary: Global Pathways leads with 8 enrolments (25% conversion), 4 ahead of NextGen Education.
Context: NextGen Education has 4 confirmed students and can close the gap with targeted support.
Action: Ask Global Pathways to mentor NextGen Education on high-conversion tactics."
2025-09-30T16:28:40+00:00,leader,enrollment_trend,"Summary: Jul 2025 recorded 1 enrolments, 0 up from T3 2024.
Context: The trend reflects 9 recent intakes with reliable data.
Action: Reinforce the campaigns that lifted the latest intake."
2025-09-30T16:28:40+00:00,leader,estimated_revenue,"Summary: 16 confirmed students represent about $296,000 in tuition revenue.
Context: Estimate based on $18,500 per enrolment.
Action: A further 27 offers could add about $299,700 if 60% convert."
2025-09-30T16:31:54+00:00,manager,due_payments,"Summary: 93 of 100 applicants (93%) prefer to pay less than half upfront.
Context: Payment preferences were captured from engaged applicants.
Action: Coordinate follow-ups with Bright Future Consultants, who manages 33 of these cases."
2025-09-30T16:31:54+00:00,manager,course_performance,"Summary: Bachelor of Business leads with 5 active students—0 more than Bachelor of Engineering.
Context: 16 learners are currently engaged across all courses.
Action: Share Bachelor of Business's approach to help Bachelor of Engineering close the gap."
2025-09-30T16:31:54+00:00,manager,study_reasons,"Summary: 'For personal interest / self-development' is the leading motivation with 66 students (66%).
Context: 'To get a better job / promotion' follows with 20 mentions.
Action: Tailor messaging to emphasise these motivations during counselling."
2025-09-30T16:31:54+00:00,leader,top_agents,"Summary: Global Pathways leads with 8 enrolments (25% conversion), 4 ahead of NextGen Education.
Context: NextGen Education has 4 confirmed students and can close the gap with targeted support.
Action: Ask Global Pathways to mentor NextGen Education on high-conversion tactics."
2025-09-30T16:31:54+00:00,leader,enrollment_trend,"Summary: Jul 2025 recorded 1 enrolments, 0 up from T3 2024.
Context: The trend reflects 9 recent intakes with reliable data.
Action: Reinforce the campaigns that lifted the latest intake."
2025-09-30T16:31:54+00:00,leader,estimated_revenue,"Summary: 16 confirmed students represent about $296,000 in tuition revenue.
Context: Estimate based on $18,500 per enrolment.
Action: A further 27 offers could add about $299,700 if 60% convert."
2025-09-30T16:32:06+00:00,manager,due_payments,"Summary: 93 of 100 applicants (93%) prefer to pay less than half upfront.
Context: Payment preferences were captured from engaged applicants.
Action: Coordinate follow-ups with Bright Future Consultants, who manages 33 of these cases."
2025-09-30T16:32:06+00:00,manager,course_performance,"Summary: Bachelor of Business leads with 5 active students—0 more than Bachelor of Engineering.
Context: 16 learners are currently engaged across all courses.
Action: Share Bachelor of Business's approach to help Bachelor of Engineering close the gap."
2025-09-30T16:32:06+00:00,manager,study_reasons,"Summary: 'For personal interest / self-development' is the leading motivation with 66 students (66%).
Context: 'To get a better job / promotion' follows with 20 mentions.
Action: Tailor messaging to emphasise these motivations during counselling."
2025-09-30T16:32:06+00:00,leader,top_agents,"Summary: Global Pathways leads with 8 enrolments (25% conversion), 4 ahead of NextGen Education.
Context: NextGen Education has 4 confirmed students and can close the gap with targeted support.
Action: Ask Global Pathways to mentor NextGen Education on high-conversion tactics."
2025-09-30T16:32:06+00:00,leader,enrollment_trend,"Summary: Jul 2025 recorded 1 enrolments, 0 up from T3 2024.
Context: The trend reflects 9 recent intakes with reliable data.
Action: Reinforce the campaigns that lifted the latest intake."
2025-09-30T16:32:06+00:00,leader,estimated_revenue,"Summary: 16 confirmed students represent about $296,000 in tuition revenue.
Context: Estimate based on $18,500 per enrolment.
Action: A further 27 offers could add about $299,700 if 60% convert."
2025-09-30T16:32:06+00:00,manager,due_payments,"Summary: 93 of 100 applicants (93%) prefer to pay less than half upfront.
Context: Payment preferences were captured from engaged applicants.
Action: Coordinate follow-ups with Bright Future Consultants, who manages 33 of these cases."
2025-09-30T16:32:06+00:00,manager,course_performance,"Summary: Bachelor of Business leads with 5 active students—0 more than Bachelor of Engineering.
Context: 16 learners are currently engaged across all courses.
Action: Share Bachelor of Business's approach to help Bachelor of Engineering close the gap."
2025-09-30T16:32:06+00:00,manager,study_reasons,"Summary: 'For personal interest / self-development' is the leading motivation with 66 students (66%).
Context: 'To get a better job / promotion' follows with 20 mentions.
Action: Tailor messaging to emphasise these motivations during counselling."
2025-09-30T16:32:06+00:00,leader,top_agents,"Summary: Global Pathways leads with 8 enrolments (25% conversion), 4 ahead of NextGen Education.
Context: NextGen Education has 4 confirmed students and can close the gap with targeted support.
Action: Ask Global Pathways to mentor NextGen Education on high-conversion tactics."
2025-09-30T16:32:06+00:00,leader,enrollment_trend,"Summary: Jul 2025 recorded 1 enrolments, 0 up from T3 2024.
Context: The trend reflects 9 recent intakes with reliable data.
Action: Reinforce the campaigns that lifted the latest intake."
2025-09-30T16:32:06+00:00,leader,estimated_revenue,"Summary: 16 confirmed students represent about $296,000 in tuition revenue.
Context: Estimate based on $18,500 per enrolment.
Action: A further 27 offers could add about $299,700 if 60% convert."
2025-09-30T16:34:21+00:00,manager,due_payments,"Summary: 93 of 100 applicants (93%) prefer to pay less than half upfront.
Context: Payment preferences were captured from engaged applicants.
Action: Coordinate follow-ups with Bright Future Consultants, who manages 33 of these cases."
2025-09-30T16:34:21+00:00,manager,course_performance,"Summary: Bachelor of Business leads with 5 active students—0 more than Bachelor of Engineering.
Context: 16 learners are currently engaged across all courses.
Action: Share Bachelor of Business's approach to help Bachelor of Engineering close the gap."
2025-09-30T16:34:21+00:00,manager,study_reasons,"Summary: 'For personal interest / self-development' is the leading motivation with 66 students (66%).
Context: 'To get a better job / promotion' follows with 20 mentions.
Action: Tailor messaging to emphasise these motivations during counselling."
2025-09-30T16:34:21+00:00,leader,top_agents,"Summary: Global Pathways leads with 8 enrolments (25% conversion), 4 ahead of NextGen Education.
Context: NextGen Education has 4 confirmed students and can close the gap with targeted support.
Action: Ask Global Pathways to mentor NextGen Education on high-conversion tactics."
2025-09-30T16:34:21+00:00,leader,enrollment_trend,"Summary: Jul 2025 recorded 1 enrolments, 0 up from T3 2024.
Context: The trend reflects 9 recent intakes with reliable data.
Action: Reinforce the campaigns that lifted the latest intake."
2025-09-30T16:34:21+00:00,leader,estimated_revenue,"Summary: 16 confirmed students represent about $296,000 in tuition revenue.
Context: Estimate based on $18,500 per enrolment.
Action: A further 27 offers could add about $299,700 if 60% convert."
2025-09-30T16:34:21+00:00,manager,due_payments,"Summary: 93 of 100 applicants (93%) prefer to pay less than half upfront.
Context: Payment preferences were captured from engaged applicants.
Action: Coordinate follow-ups with Bright Future Consultants, who manages 33 of these cases."
2025-09-30T16:34:21+00:00,manager,course_performance,"Summary: Bachelor of Business leads with 5 active students—0 more than Bachelor of Engineering.
Context: 16 learners are currently engaged across all courses.
Action: Share Bachelor of Business's approach to help Bachelor of Engineering close the gap."
2025-09-30T16:34:21+00:00,manager,study_reasons,"Summary: 'For personal interest / self-development' is the leading motivation with 66 students (66%).
Context: 'To get a better job / promotion' follows with 20 mentions.
Action: Tailor messaging to emphasise these motivations during counselling."
2025-09-30T16:34:21+00:00,leader,top_agents,"Summary: Global Pathways leads with 8 enrolments (25% conversion), 4 ahead of NextGen Education.
Context: NextGen Education has 4 confirmed students and can close the gap with targeted support.
Action: Ask Global Pathways to mentor NextGen Education on high-conversion tactics."
2025-09-30T16:34:21+00:00,leader,enrollment_trend,"Summary: Jul 2025 recorded 1 enrolments, 0 up from T3 2024.
Context: The trend reflects 9 recent intakes with reliable data.
Action: Reinforce the campaigns that lifted the latest intake."
2025-09-30T16:34:21+00:00,leader,estimated_revenue,"Summary: 16 confirmed students represent about $296,000 in tuition revenue.
Context: Estimate based on $18,500 per enrolment.
Action: A further 27 offers could add about $299,700 if 60% convert."
2025-09-30T16:43:40+00:00,manager,due_payments,"Summary: 93 of 100 applicants (93%) prefer to pay less than half upfront.
Context: Payment preferences were captured from engaged applicants.
Action: Coordinate follow-ups with Bright Future Consultants, who manages 33 of these cases."
2025-09-30T16:43:40+00:00,manager,course_performance,"Summary: Bachelor of Business leads with 5 active students—0 more than Bachelor of Engineering.
Context: 16 learners are currently engaged across all courses.
Action: Share Bachelor of Business's approach to help Bachelor of Engineering close the gap."
2025-09-30T16:43:40+00:00,manager,study_reasons,"Summary: 'For personal interest / self-development' is the leading motivation with 66 students (66%).
Context: 'To get a better job / promotion' follows with 20 mentions.
Action: Tailor messaging to emphasise these motivations during counselling."
2025-09-30T16:43:40+00:00,leader,top_agents,"Summary: Global Pathways leads with 8 enrolments (25% conversion), 4 ahead of NextGen Education.
Context: NextGen Education has 4 confirmed students and can close the gap with targeted support.
Action: Ask Global Pathways to mentor NextGen Education on high-conversion tactics."
2025-09-30T16:43:40+00:00,leader,enrollment_trend,"Summary: Jul 2025 recorded 1 enrolments, 0 up from T3 2024.
Context: The trend reflects 9 recent intakes with reliable data.
Action: Reinforce the campaigns that lifted the latest intake."
2025-09-30T16:43:40+00:00,leader,estimated_revenue,"Summary: 16 confirmed students represent about $296,000 in tuition revenue.
Context: Estimate based on $18,500 per enrolment.
Action: A further 27 offers could add about $299,700 if 60% convert."
2025-10-02T10:13:38+00:00,manager,due_payments,"Summary: 93 of 100 applicants (93%) prefer to pay less than half upfront.
Context: Payment preferences were captured from engaged applicants.
Action: Coordinate follow-ups with Bright Future Consultants, who manages 33 of these cases."
2025-10-02T10:13:38+00:00,manager,course_performance,"Summary: Bachelor of Business leads with 5 active students—0 more than Bachelor of Engineering.
Context: 16 learners are currently engaged across all courses.
Action: Share Bachelor of Business's approach to help Bachelor of Engineering close the gap."
2025-10-02T10:13:38+00:00,manager,study_reasons,"Summary: 'For personal interest / self-development' is the leading motivation with 66 students (66%).
Context: 'To get a better job / promotion' follows with 20 mentions.
Action: Tailor messaging to emphasise these motivations during counselling."
2025-10-02T10:13:38+00:00,leader,top_agents,"Summary: Global Pathways leads with 8 enrolments (25% conversion), 4 ahead of NextGen Education.
Context: NextGen Education has 4 confirmed students and can close the gap with targeted support.
Action: Ask Global Pathways to mentor NextGen Education on high-conversion tactics."
2025-10-02T10:13:38+00:00,leader,enrollment_trend,"Summary: Jul 2025 recorded 1 enrolments, 0 up from T3 2024.
Context: The trend reflects 9 recent intakes with reliable data.
Action: Reinforce the campaigns that lifted the latest intake."
2025-10-02T10:13:38+00:00,leader,estimated_revenue,"Summary: 16 confirmed students represent about $296,000 in tuition revenue.
Context: Estimate based on $18,500 per enrolment.
Action: A further 27 offers could add about $299,700 if 60% convert."
2025-10-02T10:13:38+00:00,manager,due_payments,"Summary: 93 of 100 applicants (93%) prefer to pay less than half upfront.
Context: Payment preferences were captured from engaged applicants.
Action: Coordinate follow-ups with Bright Future Consultants, who manages 33 of these cases."
2025-10-02T10:13:38+00:00,manager,course_performance,"Summary: Bachelor of Business leads with 5 active students—0 more than Bachelor of Engineering.
Context: 16 learners are currently engaged across all courses.
Action: Share Bachelor of Business's approach to help Bachelor of Engineering close the gap."
2025-10-02T10:13:38+00:00,manager,study_reasons,"Summary: 'For personal interest / self-development' is the leading motivation with 66 students (66%).
Context: 'To get a better job / promotion' follows with 20 mentions.
Action: Tailor messaging to emphasise these motivations during counselling."
2025-10-02T10:13:38+00:00,leader,top_agents,"Summary: Global Pathways leads with 8 enrolments (25% conversion), 4 ahead of NextGen Education.
Context: NextGen Education has 4 confirmed students and can close the gap with targeted support.
Action: Ask Global Pathways to mentor NextGen Education on high-conversion tactics."
2025-10-02T10:13:38+00:00,leader,enrollment_trend,"Summary: Jul 2025 recorded 1 enrolments, 0 up from T3 2024.
Context: The trend reflects 9 recent intakes with reliable data.
Action: Reinforce the campaigns that lifted the latest intake."
2025-10-02T10:13:38+00:00,leader,estimated_revenue,"Summary: 16 confirmed students represent about $296,000 in tuition revenue.
Context: Estimate based on $18,500 per enrolment.
Action: A further 27 offers could add about $299,700 if 60% convert."
2025-10-02T10:13:39+00:00,manager,due_payments,"Summary: 93 of 100 applicants (93%) prefer to pay less than half upfront.
Context: Payment preferences were captured from engaged applicants.
Action: Coordinate follow-ups with Bright Future Consultants, who manages 33 of these cases."
2025-10-02T10:13:39+00:00,manager,course_performance,"Summary: Bachelor of Business leads with 5 active students—0 more than Bachelor of Engineering.
Context: 16 learners are currently engaged across all courses.
Action: Share Bachelor of Business's approach to help Bachelor of Engineering close the gap."
2025-10-02T10:13:39+00:00,manager,study_reasons,"Summary: 'For personal interest / self-development' is the leading motivation with 66 students (66%).
Context: 'To get a better job / promotion' follows with 20 mentions.
Action: Tailor messaging to emphasise these motivations during counselling."
2025-10-02T10:13:39+00:00,leader,top_agents,"Summary: Global Pathways leads with 8 enrolments (25% conversion), 4 ahead of NextGen Education.
Context: NextGen Education has 4 confirmed students and can close the gap with targeted support.
Action: Ask Global Pathways to mentor NextGen Education on high-conversion tactics."
2025-10-02T10:13:39+00:00,leader,enrollment_trend,"Summary: Jul 2025 recorded 1 enrolments, 0 up from T3 2024.
Context: The trend reflects 9 recent intakes with reliable data.
Action: Reinforce the campaigns that lifted the latest intake."
2025-10-02T10:13:39+00:00,leader,estimated_revenue,"Summary: 16 confirmed students represent about $296,000 in tuition revenue.
Context: Estimate based on $18,500 per enrolment.
Action: A further 27 offers could add about $299,700 if 60% convert."
2025-10-02T10:13:39+00:00,manager,due_payments,"Summary: 93 of 100 applicants (93%) prefer to pay less than half upfront.
Context: Payment preferences were captured from engaged applicants.
Action: Coordinate follow-ups with Bright Future Consultants, who manages 33 of these cases."
2025-10-02T10:13:39+00:00,manager,course_performance,"Summary: Bachelor of Business leads with 5 active students—0 more than Bachelor of Engineering.
Context: 16 learners are currently engaged across all courses.
Action: Share Bachelor of Business's approach to help Bachelor of Engineering close the gap."
2025-10-02T10:13:39+00:00,manager,study_reasons,"Summary: 'For personal interest / self-development' is the leading motivation with 66 students (66%).
Context: 'To get a better job / promotion' follows with 20 mentions.
Action: Tailor messaging to emphasise these motivations during counselling."
2025-10-02T10:13:39+00:00,leader,top_agents,"Summary: Global Pathways leads with 8 enrolments (25% conversion), 4 ahead of NextGen Education.
Context: NextGen Education has 4 confirmed students and can close the gap with targeted support.
Action: Ask Global Pathways to mentor NextGen Education on high-conversion tactics."
2025-10-02T10:13:39+00:00,leader,enrollment_trend,"Summary: Jul 2025 recorded 1 enrolments, 0 up from T3 2024.
Context: The trend reflects 9 recent intakes with reliable data.
Action: Reinforce the campaigns that lifted the latest intake."
2025-10-02T10:13:39+00:00,leader,estimated_revenue,"Summary: 16 confirmed students represent about $296,000 in tuition revenue.
Context: Estimate based on $18,500 per enrolment.
Action: A further 27 offers could add about $299,700 if 60% convert."
2025-10-02T10:24:35+00:00,manager,due_payments,"Summary: 93 of 100 applicants (93%) prefer to pay less than half upfront.
Context: Payment preferences were captured from engaged applicants.
Action: Coordinate follow-ups with Bright Future Consultants, who manages 33 of these cases."
2025-10-02T10:24:35+00:00,manager,course_performance,"Summary: Bachelor of Business leads with 5 active students—0 more than Bachelor of Engineering.
Context: 16 learners are currently engaged across all courses.
Action: Share Bachelor of Business's approach to help Bachelor of Engineering close the gap."
2025-10-02T10:24:35+00:00,manager,study_reasons,"Summary: 'For personal interest / self-development' is the leading motivation with 66 students (66%).
Context: 'To get a better job / promotion' follows with 20 mentions.
Action: Tailor messaging to emphasise these motivations during counselling."
2025-10-02T10:24:35+00:00,leader,top_agents,"Summary: Global Pathways leads with 8 enrolments (25% conversion), 4 ahead of NextGen Education.
Context: NextGen Education has 4 confirmed students and can close the gap with targeted support.
Action: Ask Global Pathways to mentor NextGen Education on high-conversion tactics."
2025-10-02T10:24:35+00:00,leader,enrollment_trend,"Summary: Jul 2025 recorded 1 enrolments, 0 up from T3 2024.
Context: The trend reflects 9 recent intakes with reliable data.
Action: Reinforce the campaigns that lifted the latest intake."
2025-10-02T10:24:35+00:00,leader,estimated_revenue,"Summary: 16 confirmed students represent about $296,000 in tuition revenue.
Context: Estimate based on $18,500 per enrolment.
Action: A further 27 offers could add about $299,700 if 60% convert."
2025-10-02T10:24:35+00:00,manager,due_payments,"Summary: 93 of 100 applicants (93%) prefer to pay less than half upfront.
Context: Payment preferences were captured from engaged applicants.
Action: Coordinate follow-ups with Bright Future Consultants, who manages 33 of these cases."
2025-10-02T10:24:35+00:00,manager,course_performance,"Summary: Bachelor of Business leads with 5 active students—0 more than Bachelor of Engineering.
Context: 16 learners are currently engaged across all courses.
Action: Share Bachelor of Business's approach to help Bachelor of Engineering close the gap."
2025-10-02T10:24:35+00:00,manager,study_reasons,"Summary: 'For personal interest / self-development' is the leading motivation with 66 students (66%).
Context: 'To get a better job / promotion' follows with 20 mentions.
Action: Tailor messaging to emphasise these motivations during counselling."
2025-10-02T10:24:35+00:00,leader,top_agents,"Summary: Global Pathways leads with 8 enrolments (25% conversion), 4 ahead of NextGen Education.
Context: NextGen Education has 4 confirmed students and can close the gap with targeted support.
Action: Ask Global Pathways to mentor NextGen Education on high-conversion tactics."
2025-10-02T10:24:35+00:00,leader,enrollment_trend,"Summary: Jul 2025 recorded 1 enrolments, 0 up from T3 2024.
Context: The trend reflects 9 recent intakes with reliable data.
Action: Reinforce the campaigns that lifted the latest intake."
2025-10-02T10:24:35+00:00,leader,estimated_revenue,"Summary: 16 confirmed students represent about $296,000 in tuition revenue.
Context: Estimate based on $18,500 per enrolment.
Action: A further 27 offers could add about $299,700 if 60% convert."
2025-10-02T10:24:36+00:00,manager,due_payments,"Summary: 93 of 100 applicants (93%) prefer to pay less than half upfront.
Context: Payment preferences were captured from engaged applicants.
Action: Coordinate follow-ups with Bright Future Consultants, who manages 33 of these cases."
2025-10-02T10:24:36+00:00,manager,course_performance,"Summary: Bachelor of Business leads with 5 active students—0 more than Bachelor of Engineering.
Context: 16 learners are currently engaged across all courses.
Action: Share Bachelor of Business's approach to help Bachelor of Engineering close the gap."
2025-10-02T10:24:36+00:00,manager,study_reasons,"Summary: 'For personal interest / self-development' is the leading motivation with 66 students (66%).
Context: 'To get a better job / promotion' follows with 20 mentions.
Action: Tailor messaging to emphasise these motivations during counselling."
2025-10-02T10:24:36+00:00,leader,top_agents,"Summary: Global Pathways leads with 8 enrolments (25% conversion), 4 ahead of NextGen Education.
Context: NextGen Education has 4 confirmed students and can close the gap with targeted support.
Action: Ask Global Pathways to mentor NextGen Education on high-conversion tactics."
2025-10-02T10:24:36+00:00,leader,enrollment_trend,"Summary: Jul 2025 recorded 1 enrolments, 0 up from T3 2024.
Context: The trend reflects 9 recent intakes with reliable data.
Action: Reinforce the campaigns that lifted the latest intake."
2025-10-02T10:24:36+00:00,leader,estimated_revenue,"Summary: 16 confirmed students represent about $296,000 in tuition revenue.
Context: Estimate based on $18,500 per enrolment.
Action: A further 27 offers could add about $299,700 if 60% convert."
2025-10-02T10:24:36+00:00,manager,due_payments,"Summary: 93 of 100 applicants (93%) prefer to pay less than half upfront.
Context: Payment preferences were captured from engaged applicants.
Action: Coordinate follow-ups with Bright Future Consultants, who manages 33 of these cases."
2025-10-02T10:24:36+00:00,manager,course_performance,"Summary: Bachelor of Business leads with 5 active students—0 more than Bachelor of Engineering.
Context: 16 learners are currently engaged across all courses.
Action: Share Bachelor of Business's approach to help Bachelor of Engineering close the gap."
2025-10-02T10:24:36+00:00,manager,study_reasons,"Summary: 'For personal interest / self-development' is the leading motivation with 66 students (66%).
Context: 'To get a better job / promotion' follows with 20 mentions.
Action: Tailor messaging to emphasise these motivations during counselling."
2025-10-02T10:24:36+00:00,leader,top_agents,"Summary: Global Pathways leads with 8 enrolments (25% conversion), 4 ahead of NextGen Education.
Context: NextGen Education has 4 confirmed students and can close the gap with targeted support.
Action: Ask Global Pathways to mentor NextGen Education on high-conversion tactics."
2025-10-02T10:24:36+00:00,leader,enrollment_trend,"Summary: Jul 2025 recorded 1 enrolments, 0 up from T3 2024.
Context: The trend reflects 9 recent intakes with reliable data.
Action: Reinforce the campaigns that lifted the latest intake."
2025-10-02T10:24:36+00:00,leader,estimated_revenue,"Summary: 16 confirmed students represent about $296,000 in tuition revenue.
Context: Estimate based on $18,500 per enrolment.
Action: A further 27 offers could add about $299,700 if 60% convert."
2025-10-02T10:37:22+00:00,manager,due_payments,"Summary: 93 of 100 applicants (93%) prefer to pay less than half upfront.
Context: Payment preferences were captured from engaged applicants.
Action: Coordinate follow-ups with Bright Future Consultants, who manages 33 of these cases."
2025-10-02T10:37:22+00:00,manager,course_performance,"Summary: Bachelor of Business leads with 5 active students—0 more than Bachelor of Engineering.
Context: 16 learners are currently engaged across all courses.
Action: Share Bachelor of Business's approach to help Bachelor of Engineering close the gap."
2025-10-02T10:37:22+00:00,manager,study_reasons,"Summary: 'For personal interest / self-development' is the leading motivation with 66 students (66%).
Context: 'To get a better job / promotion' follows with 20 mentions.
Action: Tailor messaging to emphasise these motivations during counselling."
2025-10-02T10:37:22+00:00,leader,top_agents,"Summary: Global Pathways leads with 8 enrolments (25% conversion), 4 ahead of NextGen Education.
Context: NextGen Education has 4 confirmed students and can close the gap with targeted support.
Action: Ask Global Pathways to mentor NextGen Education on high-conversion tactics."
2025-10-02T10:37:22+00:00,leader,enrollment_trend,"Summary: Jul 2025 recorded 1 enrolments, 0 up from T3 2024.
Context: The trend reflects 9 recent intakes with reliable data.
Action: Reinforce the campaigns that lifted the latest intake."
2025-10-02T10:37:22+00:00,leader,estimated_revenue,"Summary: 16 confirmed students represent about $296,000 in tuition revenue.
Context: Estimate based on $18,500 per enrolment.
Action: A further 27 offers could add about $299,700 if 60% convert."
2025-10-02T10:37:22+00:00,manager,due_payments,"Summary: 93 of 100 applicants (93%) prefer to pay less than half upfront.
Context: Payment preferences were captured from engaged applicants.
Action: Coordinate follow-ups with Bright Future Consultants, who manages 33 of these cases."
2025-10-02T10:37:22+00:00,manager,course_performance,"Summary: Bachelor of Business leads with 5 active students—0 more than Bachelor of Engineering.
Context: 16 learners are currently engaged across all courses.
Action: Share Bachelor of Business's approach to help Bachelor of Engineering close the gap."
2025-10-02T10:37:22+00:00,manager,study_reasons,"Summary: 'For personal interest / self-development' is the leading motivation with 66 students (66%).
Context: 'To get a better job / promotion' follows with 20 mentions.
Action: Tailor messaging to emphasise these motivations during counselling."
2025-10-02T10:37:22+00:00,leader,top_agents,"Summary: Global Pathways leads with 8 enrolments (25% conversion), 4 ahead of NextGen Education.
Context: NextGen Education has 4 confirmed students and can close the gap with targeted support.
Action: Ask Global Pathways to mentor NextGen Education on high-conversion tactics."
2025-10-02T10:37:22+00:00,leader,enrollment_trend,"Summary: Jul 2025 recorded 1 enrolments, 0 up from T3 2024.
Context: The trend reflects 9 recent intakes with reliable data.
Action: Reinforce the campaigns that lifted the latest intake."
2025-10-02T10:37:22+00:00,leader,estimated_revenue,"Summary: 16 confirmed students represent about $296,000 in tuition revenue.
Context: Estimate based on $18,500 per enrolment.
Action: A further 27 offers could add about $299,700 if 60% convert."
2025-10-02T10:37:23+00:00,manager,due_payments,"Summary: 93 of 100 applicants (93%) prefer to pay less than half upfront.
Context: Payment preferences were captured from engaged applicants.
Action: Coordinate follow-ups with Bright Future Consultants, who manages 33 of these cases."
2025-10-02T10:37:23+00:00,manager,course_performance,"Summary: Bachelor of Business leads with 5 active students—0 more than Bachelor of Engineering.
Context: 16 learners are currently engaged across all courses.
Action: Share Bachelor of Business's approach to help Bachelor of Engineering close the gap."
2025-10-02T10:37:23+00:00,manager,study_reasons,"Summary: 'For personal interest / self-development' is the leading motivation with 66 students (66%).
Context: 'To get a better job / promotion' follows with 20 mentions.
Action: Tailor messaging to emphasise these motivations during counselling."
2025-10-02T10:37:23+00:00,leader,top_agents,"Summary: Global Pathways leads with 8 enrolments (25% conversion), 4 ahead of NextGen Education.
Context: NextGen Education has 4 confirmed students and can close the gap with targeted support.
Action: Ask Global Pathways to mentor NextGen Education on high-conversion tactics."
2025-10-02T10:37:23+00:00,leader,enrollment_trend,"Summary: Jul 2025 recorded 1 enrolments, 0 up from T3 2024.
Context: The trend reflects 9 recent intakes with reliable data.
Action: Reinforce the campaigns that lifted the latest intake."
2025-10-02T10:37:23+00:00,leader,estimated_revenue,"Summary: 16 confirmed students represent about $296,000 in tuition revenue.
Context: Estimate based on $18,500 per enrolment.
Action: A further 27 offers could add about $299,700 if 60% convert."
2025-10-02T10:37:23+00:00,manager,due_payments,"Summary: 93 of 100 applicants (93%) prefer to pay less than half upfront.
Context: Payment preferences were captured from engaged applicants.
Action: Coordinate follow-ups with Bright Future Consultants, who manages 33 of these cases."
2025-10-02T10:37:23+00:00,manager,course_performance,"Summary: Bachelor of Business leads with 5 active students—0 more than Bachelor of Engineering.
Context: 16 learners are currently engaged across all courses.
Action: Share Bachelor of Business's approach to help Bachelor of Engineering close the gap."
2025-10-02T10:37:23+00:00,manager,study_reasons,"Summary: 'For personal interest / self-development' is the leading motivation with 66 students (66%).
Context: 'To get a better job / promotion' follows with 20 mentions.
Action: Tailor messaging to emphasise these motivations during counselling."
2025-10-02T10:37:23+00:00,leader,top_agents,"Summary: Global Pathways leads with 8 enrolments (25% conversion), 4 ahead of NextGen Education.
Context: NextGen Education has 4 confirmed students and can close the gap with targeted support.
Action: Ask Global Pathways to mentor NextGen Education on high-conversion tactics."
2025-10-02T10:37:23+00:00,leader,enrollment_trend,"Summary: Jul 2025 recorded 1 enrolments, 0 up from T3 2024.
Context: The trend reflects 9 recent intakes with reliable data.
Action: Reinforce the campaigns that lifted the latest intake."
2025-10-02T10:37:23+00:00,leader,estimated_revenue,"Summary: 16 confirmed students represent about $296,000 in tuition revenue.
Context: Estimate based on $18,500 per enrolment.
Action: A further 27 offers could add about $299,700 if 60% convert."
2025-10-02T10:52:22+00:00,manager,due_payments,"Summary: 93 of 100 applicants (93%) prefer to pay less than half upfront.
Context: Payment preferences were captured from engaged applicants.
Action: Coordinate follow-ups with Bright Future Consultants, who manages 33 of these cases."
2025-10-02T10:52:22+00:00,manager,course_performance,"Summary: Bachelor of Business leads with 5 active students—0 more than Bachelor of Engineering.
Context: 16 learners are currently engaged across all courses.
Action: Share Bachelor of Business's approach to help Bachelor of Engineering close the gap."
2025-10-02T10:52:22+00:00,manager,study_reasons,"Summary: 'For personal interest / self-development' is the leading motivation with 66 students (66%).
Context: 'To get a better job / promotion' follows with 20 mentions.
Action: Tailor messaging to emphasise these motivations during counselling."
2025-10-02T10:52:22+00:00,leader,top_agents,"Summary: Global Pathways leads with 8 enrolments (25% conversion), 4 ahead of NextGen Education.
Context: NextGen Education has 4 confirmed students and can close the gap with targeted support.
Action: Ask Global Pathways to mentor NextGen Education on high-conversion tactics."
2025-10-02T10:52:22+00:00,leader,enrollment_trend,"Summary: Jul 2025 recorded 1 enrolments, 0 up from T3 2024.
Context: The trend reflects 9 recent intakes with reliable data.
Action: Reinforce the campaigns that lifted the latest intake."
2025-10-02T10:52:22+00:00,leader,estimated_revenue,"Summary: 16 confirmed students represent about $296,000 in tuition revenue.
Context: Estimate based on $18,500 per enrolment.
Action: A further 27 offers could add about $299,700 if 60% convert."
2025-10-02T10:52:23+00:00,manager,due_payments,"Summary: 93 of 100 applicants (93%) prefer to pay less than half upfront.
Context: Payment preferences were captured from engaged applicants.
Action: Coordinate follow-ups with Bright Future Consultants, who manages 33 of these cases."
2025-10-02T10:52:23+00:00,manager,course_performance,"Summary: Bachelor of Business leads with 5 active students—0 more than Bachelor of Engineering.
Context: 16 learners are currently engaged across all courses.
Action: Share Bachelor of Business's approach to help Bachelor of Engineering close the gap."
2025-10-02T10:52:23+00:00,manager,study_reasons,"Summary: 'For personal interest / self-development' is the leading motivation with 66 students (66%).
Context: 'To get a better job / promotion' follows with 20 mentions.
Action: Tailor messaging to emphasise these motivations during counselling."
2025-10-02T10:52:23+00:00,leader,top_agents,"Summary: Global Pathways leads with 8 enrolments (25% conversion), 4 ahead of NextGen Education.
Context: NextGen Education has 4 confirmed students and can close the gap with targeted support.
Action: Ask Global Pathways to mentor NextGen Education on high-conversion tactics."
2025-10-02T10:52:23+00:00,leader,enrollment_trend,"Summary: Jul 2025 recorded 1 enrolments, 0 up from T3 2024.
Context: The trend reflects 9 recent intakes with reliable data.
Action: Reinforce the campaigns that lifted the latest intake."
2025-10-02T10:52:23+00:00,leader,estimated_revenue,"Summary: 16 confirmed students represent about $296,000 in tuition revenue.
Context: Estimate based on $18,500 per enrolment.
Action: A further 27 offers could add about $299,700 if 60% convert."
2025-10-02T12:34:31+00:00,manager,due_payments,"Summary: 93 of 100 applicants (93%) prefer to pay less than half upfront.
Context: Payment preferences were captured from engaged applicants.
Action: Coordinate follow-ups with Bright Future Consultants, who manages 33 of these cases."
2025-10-02T12:34:31+00:00,manager,course_performance,"Summary: Bachelor of Business leads with 5 active students—0 more than Bachelor of Engineering.
Context: 16 learners are currently engaged across all courses.
Action: Share Bachelor of Business's approach to help Bachelor of Engineering close the gap."
2025-10-02T12:34:31+00:00,manager,study_reasons,"Summary: 'For personal interest / self-development' is the leading motivation with 66 students (66%).
Context: 'To get a better job / promotion' follows with 20 mentions.
Action: Tailor messaging to emphasise these motivations during counselling."
2025-10-02T12:34:31+00:00,leader,top_agents,"Summary: Global Pathways leads with 8 enrolments (25% conversion), 4 ahead of NextGen Education.
Context: NextGen Education has 4 confirmed students and can close the gap with targeted support.
Action: Ask Global Pathways to mentor NextGen Education on high-conversion tactics."
2025-10-02T12:34:31+00:00,leader,enrollment_trend,"Summary: Jul 2025 recorded 1 enrolments, 0 up from T3 2024.
Context: The trend reflects 9 recent intakes with reliable data.
Action: Reinforce the campaigns that lifted the latest intake."
2025-10-02T12:34:31+00:00,leader,estimated_revenue,"Summary: 16 confirmed students represent about $296,000 in tuition revenue.
Context: Estimate based on $18,500 per enrolment.
Action: A further 27 offers could add about $299,700 if 60% convert."
2025-10-02T12:34:31+00:00,manager,due_payments,"Summary: 93 of 100 applicants (93%) prefer to pay less than half upfront.
Context: Payment preferences were captured from engaged applicants.
Action: Coordinate follow-ups with Bright Future Consultants, who manages 33 of these cases."
2025-10-02T12:34:31+00:00,manager,course_performance,"Summary: Bachelor of Business leads with 5 active students—0 more than Bachelor of Engineering.
Context: 16 learners are currently engaged across all courses.
Action: Share Bachelor of Business's approach to help Bachelor of Engineering close the gap."
2025-10-02T12:34:31+00:00,manager,study_reasons,"Summary: 'For personal interest / self-development' is the leading motivation with 66 students (66%).
Context: 'To get a better job / promotion' follows with 20 mentions.
Action: Tailor messaging to emphasise these motivations during counselling."
2025-10-02T12:34:31+00:00,leader,top_agents,"Summary: Global Pathways leads with 8 enrolments (25% conversion), 4 ahead of NextGen Education.
Context: NextGen Education has 4 confirmed students and can close the gap with targeted support.
Action: Ask Global Pathways to mentor NextGen Education on high-conversion tactics."
2025-10-02T12:34:31+00:00,leader,enrollment_trend,"Summary: Jul 2025 recorded 1 enrolments, 0 up from T3 2024.
Context: The trend reflects 9 recent intakes with reliable data.
Action: Reinforce the campaigns that lifted the latest intake."
2025-10-02T12:34:31+00:00,leader,estimated_revenue,"Summary: 16 confirmed students represent about $296,000 in tuition revenue.
Context: Estimate based on $18,500 per enrolment.
Action: A further 27 offers could add about $299,700 if 60% convert."
2025-10-02T12:34:33+00:00,manager,due_payments,"Summary: 93 of 100 applicants (93%) prefer to pay less than half upfront.
Context: Payment preferences were captured from engaged applicants.
Action: Coordinate follow-ups with Bright Future Consultants, who manages 33 of these cases."
2025-10-02T12:34:33+00:00,manager,course_performance,"Summary: Bachelor of Business leads with 5 active students—0 more than Bachelor of Engineering.
Context: 16 learners are currently engaged across all courses.
Action: Share Bachelor of Business's approach to help Bachelor of Engineering close the gap."
2025-10-02T12:34:33+00:00,manager,study_reasons,"Summary: 'For personal interest / self-development' is the leading motivation with 66 students (66%).
Context: 'To get a better job / promotion' follows with 20 mentions.
Action: Tailor messaging to emphasise these motivations during counselling."
2025-10-02T12:34:33+00:00,leader,top_agents,"Summary: Global Pathways leads with 8 enrolments (25% conversion), 4 ahead of NextGen Education.
Context: NextGen Education has 4 confirmed students and can close the gap with targeted support.
Action: Ask Global Pathways to mentor NextGen Education on high-conversion tactics."
2025-10-02T12:34:33+00:00,leader,enrollment_trend,"Summary: Jul 2025 recorded 1 enrolments, 0 up from T3 2024.
Context: The trend reflects 9 recent intakes with reliable data.
Action: Reinforce the campaigns that lifted the latest intake."
2025-10-02T12:34:33+00:00,leader,estimated_revenue,"Summary: 16 confirmed students represent about $296,000 in tuition revenue.
Context: Estimate based on $18,500 per enrolment.
Action: A further 27 offers could add about $299,700 if 60% convert."
2025-10-02T12:34:33+00:00,manager,due_payments,"Summary: 93 of 100 applicants (93%) prefer to pay less than half upfront.
Context: Payment preferences were captured from engaged applicants.
Action: Coordinate follow-ups with Bright Future Consultants, who manages 33 of these cases."
2025-10-02T12:34:33+00:00,manager,course_performance,"Summary: Bachelor of Business leads with 5 active students—0 more than Bachelor of Engineering.
Context: 16 learners are currently engaged across all courses.
Action: Share Bachelor of Business's approach to help Bachelor of Engineering close the gap."
2025-10-02T12:34:33+00:00,manager,study_reasons,"Summary: 'For personal interest / self-development' is the leading motivation with 66 students (66%).
Context: 'To get a better job / promotion' follows with 20 mentions.
Action: Tailor messaging to emphasise these motivations during counselling."
2025-10-02T12:34:33+00:00,leader,top_agents,"Summary: Global Pathways leads with 8 enrolments (25% conversion), 4 ahead of NextGen Education.
Context: NextGen Education has 4 confirmed students and can close the gap with targeted support.
Action: Ask Global Pathways to mentor NextGen Education on high-conversion tactics."
2025-10-02T12:34:33+00:00,leader,enrollment_trend,"Summary: Jul 2025 recorded 1 enrolments, 0 up from T3 2024.
Context: The trend reflects 9 recent intakes with reliable data.
Action: Reinforce the campaigns that lifted the latest intake."
2025-10-02T12:34:33+00:00,leader,estimated_revenue,"Summary: 16 confirmed students represent about $296,000 in tuition revenue.
Context: Estimate based on $18,500 per enrolment.
Action: A further 27 offers could add about $299,700 if 60% convert."
2025-10-04T07:01:15+00:00,manager,due_payments,"Summary: 93 of 100 applicants (93%) prefer to pay less than half upfront.
Context: Payment preferences were captured from engaged applicants.
Action: Coordinate follow-ups with Bright Future Consultants, who manages 33 of these cases."
2025-10-04T07:01:15+00:00,manager,course_performance,"Summary: Bachelor of Business leads with 5 active students—0 more than Bachelor of Engineering.
Context: 16 learners are currently engaged across all courses.
Action: Share Bachelor of Business's approach to help Bachelor of Engineering close the gap."
2025-10-04T07:01:15+00:00,manager,study_reasons,"Summary: 'For personal interest / self-development' is the leading motivation with 66 students (66%).
Context: 'To get a better job / promotion' follows with 20 mentions.
Action: Tailor messaging to emphasise these motivations during counselling."
2025-10-04T07:01:15+00:00,leader,top_agents,"Summary: Global Pathways leads with 8 enrolments (25% conversion), 4 ahead of NextGen Education.
Context: NextGen Education has 4 confirmed students and can close the gap with targeted support.
Action: Ask Global Pathways to mentor NextGen Education on high-conversion tactics."
2025-10-04T07:01:15+00:00,leader,enrollment_trend,"Summary: Jul 2025 recorded 1 enrolments, 0 up from T3 2024.
Context: The trend reflects 9 recent intakes with reliable data.
Action: Reinforce the campaigns that lifted the latest intake."
2025-10-04T07:01:15+00:00,leader,estimated_revenue,"Summary: 16 confirmed students represent about $296,000 in tuition revenue.
Context: Estimate based on $18,500 per enrolment.
Action: A further 27 offers could add about $299,700 if 60% convert."
2025-10-04T07:01:15+00:00,manager,due_payments,"Summary: 93 of 100 applicants (93%) prefer to pay less than half upfront.
Context: Payment preferences were captured from engaged applicants.
Action: Coordinate follow-ups with Bright Future Consultants, who manages 33 of these cases."
2025-10-04T07:01:15+00:00,manager,course_performance,"Summary: Bachelor of Business leads with 5 active students—0 more than Bachelor of Engineering.
Context: 16 learners are currently engaged across all courses.
Action: Share Bachelor of Business's approach to help Bachelor of Engineering close the gap."
2025-10-04T07:01:15+00:00,manager,study_reasons,"Summary: 'For personal interest / self-development' is the leading motivation with 66 students (66%).
Context: 'To get a better job / promotion' follows with 20 mentions.
Action: Tailor messaging to emphasise these motivations during counselling."
2025-10-04T07:01:15+00:00,leader,top_agents,"Summary: Global Pathways leads with 8 enrolments (25% conversion), 4 ahead of NextGen Education.
Context: NextGen Education has 4 confirmed students and can close the gap with targeted support.
Action: Ask Global Pathways to mentor NextGen Education on high-conversion tactics."
2025-10-04T07:01:15+00:00,leader,enrollment_trend,"Summary: Jul 2025 recorded 1 enrolments, 0 up from T3 2024.
Context: The trend reflects 9 recent intakes with reliable data.
Action: Reinforce the campaigns that lifted the latest intake."
2025-10-04T07:01:15+00:00,leader,estimated_revenue,"Summary: 16 confirmed students represent about $296,000 in tuition revenue.
Context: Estimate based on $18,500 per enrolment.
Action: A further 27 offers could add about $299,700 if 60% convert."
2025-10-04T07:01:16+00:00,manager,due_payments,"Summary: 93 of 100 applicants (93%) prefer to pay less than half upfront.
Context: Payment preferences were captured from engaged applicants.
Action: Coordinate follow-ups with Bright Future Consultants, who manages 33 of these cases."
2025-10-04T07:01:16+00:00,manager,course_performance,"Summary: Bachelor of Business leads with 5 active students—0 more than Bachelor of Engineering.
Context: 16 learners are currently engaged across all courses.
Action: Share Bachelor of Business's approach to help Bachelor of Engineering close the gap."
2025-10-04T07:01:16+00:00,manager,study_reasons,"Summary: 'For personal interest / self-development' is the leading motivation with 66 students (66%).
Context: 'To get a better job / promotion' follows with 20 mentions.
Action: Tailor messaging to emphasise these motivations during counselling."
2025-10-04T07:01:16+00:00,leader,top_agents,"Summary: Global Pathways leads with 8 enrolments (25% conversion), 4 ahead of NextGen Education.
Context: NextGen Education has 4 confirmed students and can close the gap with targeted support.
Action: Ask Global Pathways to mentor NextGen Education on high-conversion tactics."
2025-10-04T07:01:16+00:00,leader,enrollment_trend,"Summary: Jul 2025 recorded 1 enrolments, 0 up from T3 2024.
Context: The trend reflects 9 recent intakes with reliable data.
Action: Reinforce the campaigns that lifted the latest intake."
2025-10-04T07:01:16+00:00,leader,estimated_revenue,"Summary: 16 confirmed students represent about $296,000 in tuition revenue.
Context: Estimate based on $18,500 per enrolment.
Action: A further 27 offers could add about $299,700 if 60% convert."
2025-10-04T07:01:16+00:00,manager,due_payments,"Summary: 93 of 100 applicants (93%) prefer to pay less than half upfront.
Context: Payment preferences were captured from engaged applicants.
Action: Coordinate follow-ups with Bright Future Consultants, who manages 33 of these cases."
2025-10-04T07:01:16+00:00,manager,course_performance,"Summary: Bachelor of Business leads with 5 active students—0 more than Bachelor of Engineering.
Context: 16 learners are currently engaged across all courses.
Action: Share Bachelor of Business's approach to help Bachelor of Engineering close the gap."
2025-10-04T07:01:16+00:00,manager,study_reasons,"Summary: 'For personal interest / self-development' is the leading motivation with 66 students (66%).
Context: 'To get a better job / promotion' follows with 20 mentions.
Action: Tailor messaging to emphasise these motivations during counselling."
2025-10-04T07:01:16+00:00,leader,top_agents,"Summary: Global Pathways leads with 8 enrolments (25% conversion), 4 ahead of NextGen Education.
Context: NextGen Education has 4 confirmed students and can close the gap with targeted support.
Action: Ask Global Pathways to mentor NextGen Education on high-conversion tactics."
2025-10-04T07:01:16+00:00,leader,enrollment_trend,"Summary: Jul 2025 recorded 1 enrolments, 0 up from T3 2024.
Context: The trend reflects 9 recent intakes with reliable data.
Action: Reinforce the campaigns that lifted the latest intake."
2025-10-04T07:01:16+00:00,leader,estimated_revenue,"Summary: 16 confirmed students represent about $296,000 in tuition revenue.
Context: Estimate based on $18,500 per enrolment.
Action: A further 27 offers could add about $299,700 if 60% convert."
2025-10-04T07:16:15+00:00,manager,due_payments,"Summary: 93 of 100 applicants (93%) prefer to pay less than half upfront.
Context: Payment preferences were captured from engaged applicants.
Action: Coordinate follow-ups with Bright Future Consultants, who manages 33 of these cases."
2025-10-04T07:16:15+00:00,manager,course_performance,"Summary: Bachelor of Business leads with 5 active students—0 more than Bachelor of Engineering.
Context: 16 learners are currently engaged across all courses.
Action: Share Bachelor of Business's approach to help Bachelor of Engineering close the gap."
2025-10-04T07:16:15+00:00,manager,study_reasons,"Summary: 'For personal interest / self-development' is the leading motivation with 66 students (66%).
Context: 'To get a better job / promotion' follows with 20 mentions.
Action: Tailor messaging to emphasise these motivations during counselling."
2025-10-04T07:16:15+00:00,leader,top_agents,"Summary: Global Pathways leads with 8 enrolments (25% conversion), 4 ahead of NextGen Education.
Context: NextGen Education has 4 confirmed students and can close the gap with targeted support.
Action: Ask Global Pathways to mentor NextGen Education on high-conversion tactics."
2025-10-04T07:16:15+00:00,leader,enrollment_trend,"Summary: Jul 2025 recorded 1 enrolments, 0 up from T3 2024.
Context: The trend reflects 9 recent intakes with reliable data.
Action: Reinforce the campaigns that lifted the latest intake."
2025-10-04T07:16:15+00:00,leader,estimated_revenue,"Summary: 16 confirmed students represent about $296,000 in tuition revenue.
Context: Estimate based on $18,500 per enrolment.
Action: A further 27 offers could add about $299,700 if 60% convert."
2025-10-04T07:16:16+00:00,manager,due_payments,"Summary: 93 of 100 applicants (93%) prefer to pay less than half upfront.
Context: Payment preferences were captured from engaged applicants.
Action: Coordinate follow-ups with Bright Future Consultants, who manages 33 of these cases."
2025-10-04T07:16:16+00:00,manager,course_performance,"Summary: Bachelor of Business leads with 5 active students—0 more than Bachelor of Engineering.
Context: 16 learners are currently engaged across all courses.
Action: Share Bachelor of Business's approach to help Bachelor of Engineering close the gap."
2025-10-04T07:16:16+00:00,manager,study_reasons,"Summary: 'For personal interest / self-development' is the leading motivation with 66 students (66%).
Context: 'To get a better job / promotion' follows with 20 mentions.
Action: Tailor messaging to emphasise these motivations during counselling."
2025-10-04T07:16:16+00:00,leader,top_agents,"Summary: Global Pathways leads with 8 enrolments (25% conversion), 4 ahead of NextGen Education.
Context: NextGen Education has 4 confirmed students and can close the gap with targeted support.
Action: Ask Global Pathways to mentor NextGen Education on high-conversion tactics."
2025-10-04T07:16:16+00:00,leader,enrollment_trend,"Summary: Jul 2025 recorded 1 enrolments, 0 up from T3 2024.
Context: The trend reflects 9 recent intakes with reliable data.
Action: Reinforce the campaigns that lifted the latest intake."
2025-10-04T07:16:16+00:00,leader,estimated_revenue,"Summary: 16 confirmed students represent about $296,000 in tuition revenue.
Context: Estimate based on $18,500 per enrolment.
Action: A further 27 offers could add about $299,700 if 60% convert."
2025-10-04T07:31:15+00:00,manager,due_payments,"Summary: 93 of 100 applicants (93%) prefer to pay less than half upfront.
Context: Payment preferences were captured from engaged applicants.
Action: Coordinate follow-ups with Bright Future Consultants, who manages 33 of these cases."
2025-10-04T07:31:15+00:00,manager,course_performance,"Summary: Bachelor of Business leads with 5 active students—0 more than Bachelor of Engineering.
Context: 16 learners are currently engaged across all courses.
Action: Share Bachelor of Business's approach to help Bachelor of Engineering close the gap."
2025-10-04T07:31:15+00:00,manager,study_reasons,"Summary: 'For personal interest / self-development' is the leading motivation with 66 students (66%).
Context: 'To get a better job / promotion' follows with 20 mentions.
Action: Tailor messaging to emphasise these motivations during counselling."
2025-10-04T07:31:15+00:00,leader,top_agents,"Summary: Global Pathways leads with 8 enrolments (25% conversion), 4 ahead of NextGen Education.
Context: NextGen Education has 4 confirmed students and can close the gap with targeted support.
Action: Ask Global Pathways to mentor NextGen Education on high-conversion tactics."
2025-10-04T07:31:15+00:00,leader,enrollment_trend,"Summary: Jul 2025 recorded 1 enrolments, 0 up from T3 2024.
Context: The trend reflects 9 recent intakes with reliable data.
Action: Reinforce the campaigns that lifted the latest intake."
2025-10-04T07:31:15+00:00,leader,estimated_revenue,"Summary: 16 confirmed students represent about $296,000 in tuition revenue.
Context: Estimate based on $18,500 per enrolment.
Action: A further 27 offers could add about $299,700 if 60% convert."
2025-10-04T07:31:16+00:00,manager,due_payments,"Summary: 93 of 100 applicants (93%) prefer to pay less than half upfront.
Context: Payment preferences were captured from engaged applicants.
Action: Coordinate follow-ups with Bright Future Consultants, who manages 33 of these cases."
2025-10-04T07:31:16+00:00,manager,course_performance,"Summary: Bachelor of Business leads with 5 active students—0 more than Bachelor of Engineering.
Context: 16 learners are currently engaged across all courses.
Action: Share Bachelor of Business's approach to help Bachelor of Engineering close the gap."
2025-10-04T07:31:16+00:00,manager,study_reasons,"Summary: 'For personal interest / self-development' is the leading motivation with 66 students (66%).
Context: 'To get a better job / promotion' follows with 20 mentions.
Action: Tailor messaging to emphasise these motivations during counselling."
2025-10-04T07:31:16+00:00,leader,top_agents,"Summary: Global Pathways leads with 8 enrolments (25% conversion), 4 ahead of NextGen Education.
Context: NextGen Education has 4 confirmed students and can close the gap with targeted support.
Action: Ask Global Pathways to mentor NextGen Education on high-conversion tactics."
2025-10-04T07:31:16+00:00,leader,enrollment_trend,"Summary: Jul 2025 recorded 1 enrolments, 0 up from T3 2024.
Context: The trend reflects 9 recent intakes with reliable data.
Action: Reinforce the campaigns that lifted the latest intake."
2025-10-04T07:31:16+00:00,leader,estimated_revenue,"Summary: 16 confirmed students represent about $296,000 in tuition revenue.
Context: Estimate based on $18,500 per enrolment.
Action: A further 27 offers could add about $299,700 if 60% convert."
2025-10-04T07:46:15+00:00,manager,due_payments,"Summary: 93 of 100 applicants (93%) prefer to pay less than half upfront.
Context: Payment preferences were captured from engaged applicants.
Action: Coordinate follow-ups with Bright Future Consultants, who manages 33 of these cases."
2025-10-04T07:46:15+00:00,manager,course_performance,"Summary: Bachelor of Business leads with 5 active students—0 more than Bachelor of Engineering.
Context: 16 learners are currently engaged across all courses.
Action: Share Bachelor of Business's approach to help Bachelor of Engineering close the gap."
2025-10-04T07:46:15+00:00,manager,study_reasons,"Summary: 'For personal interest / self-development' is the leading motivation with 66 students (66%).
Context: 'To get a better job / promotion' follows with 20 mentions.
Action: Tailor messaging to emphasise these motivations during counselling."
2025-10-04T07:46:15+00:00,leader,top_agents,"Summary: Global Pathways leads with 8 enrolments (25% conversion), 4 ahead of NextGen Education.
Context: NextGen Education has 4 confirmed students and can close the gap with targeted support.
Action: Ask Global Pathways to mentor NextGen Education on high-conversion tactics."
2025-10-04T07:46:15+00:00,leader,enrollment_trend,"Summary: Jul 2025 recorded 1 enrolments, 0 up from T3 2024.
Context: The trend reflects 9 recent intakes with reliable data.
Action: Reinforce the campaigns that lifted the latest intake."
2025-10-04T07:46:15+00:00,leader,estimated_revenue,"Summary: 16 confirmed students represent about $296,000 in tuition revenue.
Context: Estimate based on $18,500 per enrolment.
Action: A further 27 offers could add about $299,700 if 60% convert."
2025-10-04T07:46:16+00:00,manager,due_payments,"Summary: 93 of 100 applicants (93%) prefer to pay less than half upfront.
Context: Payment preferences were captured from engaged applicants.
Action: Coordinate follow-ups with Bright Future Consultants, who manages 33 of these cases."
2025-10-04T07:46:16+00:00,manager,course_performance,"Summary: Bachelor of Business leads with 5 active students—0 more than Bachelor of Engineering.
Context: 16 learners are currently engaged across all courses.
Action: Share Bachelor of Business's approach to help Bachelor of Engineering close the gap."
2025-10-04T07:46:16+00:00,manager,study_reasons,"Summary: 'For personal interest / self-development' is the leading motivation with 66 students (66%).
Context: 'To get a better job / promotion' follows with 20 mentions.
Action: Tailor messaging to emphasise these motivations during counselling."
2025-10-04T07:46:16+00:00,leader,top_agents,"Summary: Global Pathways leads with 8 enrolments (25% conversion), 4 ahead of NextGen Education.
Context: NextGen Education has 4 confirmed students and can close the gap with targeted support.
Action: Ask Global Pathways to mentor NextGen Education on high-conversion tactics."
2025-10-04T07:46:16+00:00,leader,enrollment_trend,"Summary: Jul 2025 recorded 1 enrolments, 0 up from T3 2024.
Context: The trend reflects 9 recent intakes with reliable data.
Action: Reinforce the campaigns that lifted the latest intake."
2025-10-04T07:46:16+00:00,leader,estimated_revenue,"Summary: 16 confirmed students represent about $296,000 in tuition revenue.
Context: Estimate based on $18,500 per enrolment.
Action: A further 27 offers could add about $299,700 if 60% convert."
2025-10-04T12:44:48+00:00,manager,due_payments,Due Payments,"Summary: 93 of 100 applicants (93%) prefer to pay less than half upfront.
Context: Payment preferences were captured from engaged applicants.
Action: Coordinate follow-ups with Bright Future Consultants, who manages 33 of these cases."
2025-10-04T12:44:48+00:00,manager,course_performance,Course Performance,"Summary: Bachelor of Business leads with 5 active students—0 more than Bachelor of Engineering.
Context: 16 learners are currently engaged across all courses.
Action: Share Bachelor of Business's approach to help Bachelor of Engineering close the gap."
2025-10-04T12:44:48+00:00,manager,study_reasons,Top Study Reasons,"Summary: 'For personal interest / self-development' is the leading motivation with 66 students (66%).
Context: 'To get a better job / promotion' follows with 20 mentions.
Action: Tailor messaging to emphasise these motivations during counselling."
2025-10-04T12:44:48+00:00,leader,top_agents,Top Performing Agents,"Summary: Global Pathways leads with 8 enrolments (25% conversion), 4 ahead of NextGen Education.
Context: NextGen Education has 4 confirmed students and can close the gap with targeted support.
Action: Ask Global Pathways to mentor NextGen Education on high-conversion tactics."
2025-10-04T12:44:48+00:00,leader,enrollment_trend,Enrolment Trend,"Summary: Jul b'\xe9\x07\x00\x00\x00\x00\x00\x00' recorded 1 enrolments, 0 up from T3 b'\xe8\x07\x00\x00\x00\x00\x00\x00'.
Context: The trend reflects 9 recent intakes with reliable data.
Action: Reinforce the campaigns that lifted the latest intake."
2025-10-04T12:44:48+00:00,leader,estimated_revenue,Estimated Revenue,"Summary: 16 confirmed students represent about $296,000 in tuition revenue.
Context: Estimate based on $18,500 per enrolment.
Action: A further 27 offers could add about $299,700 if 60% convert."
2025-10-04T12:44:48+00:00,manager,due_payments,Due Payments,"Summary: 93 of 100 applicants (93%) prefer to pay less than half upfront.
Context: Payment preferences were captured from engaged applicants.
Action: Coordinate follow-ups with Bright Future Consultants, who manages 33 of these cases."
2025-10-04T12:44:48+00:00,manager,course_performance,Course Performance,"Summary: Bachelor of Business leads with 5 active students—0 more than Bachelor of Engineering.
Context: 16 learners are currently engaged across all courses.
Action: Share Bachelor of Business's approach to help Bachelor of Engineering close the gap."
2025-10-04T12:44:48+00:00,manager,study_reasons,Top Study Reasons,"Summary: 'For personal interest / self-development' is the leading motivation with 66 students (66%).
Context: 'To get a better job / promotion' follows with 20 mentions.
Action: Tailor messaging to emphasise these motivations during counselling."
2025-10-04T12:44:48+00:00,leader,top_agents,Top Performing Agents,"Summary: Global Pathways leads with 8 enrolments (25% conversion), 4 ahead of NextGen Education.
Context: NextGen Education has 4 confirmed students and can close the gap with targeted support.
Action: Ask Global Pathways to mentor NextGen Education on high-conversion tactics."
2025-10-04T12:44:48+00:00,leader,enrollment_trend,Enrolment Trend,"Summary: Jul b'\xe9\x07\x00\x00\x00\x00\x00\x00' recorded 1 enrolments, 0 up from T3 b'\xe8\x07\x00\x00\x00\x00\x00\x00'.
Context: The trend reflects 9 recent intakes with reliable data.
Action: Reinforce the campaigns that lifted the latest intake."
2025-10-04T12:44:48+00:00,leader,estimated_revenue,Estimated Revenue,"Summary: 16 confirmed students represent about $296,000 in tuition revenue.
Context: Estimate based on $18,500 per enrolment.
Action: A further 27 offers could add about $299,700 if 60% convert."
2025-10-04T12:44:49+00:00,manager,due_payments,Due Payments,"Summary: 93 of 100 applicants (93%) prefer to pay less than half upfront.
Context: Payment preferences were captured from engaged applicants.
Action: Coordinate follow-ups with Bright Future Consultants, who manages 33 of these cases."
2025-10-04T12:44:49+00:00,manager,course_performance,Course Performance,"Summary: Bachelor of Business leads with 5 active students—0 more than Bachelor of Engineering.
Context: 16 learners are currently engaged across all courses.
Action: Share Bachelor of Business's approach to help Bachelor of Engineering close the gap."
2025-10-04T12:44:49+00:00,manager,study_reasons,Top Study Reasons,"Summary: 'For personal interest / self-development' is the leading motivation with 66 students (66%).
Context: 'To get a better job / promotion' follows with 20 mentions.
Action: Tailor messaging to emphasise these motivations during counselling."
2025-10-04T12:44:49+00:00,leader,top_agents,Top Performing Agents,"Summary: Global Pathways leads with 8 enrolments (25% conversion), 4 ahead of NextGen Education.
Context: NextGen Education has 4 confirmed students and can close the gap with targeted support.
Action: Ask Global Pathways to mentor NextGen Education on high-conversion tactics."
2025-10-04T12:44:49+00:00,leader,enrollment_trend,Enrolment Trend,"Summary: Jul b'\xe9\x07\x00\x00\x00\x00\x00\x00' recorded 1 enrolments, 0 up from T3 b'\xe8\x07\x00\x00\x00\x00\x00\x00'.
Context: The trend reflects 9 recent intakes with reliable data.
Action: Reinforce the campaigns that lifted the latest intake."
2025-10-04T12:44:49+00:00,leader,estimated_revenue,Estimated Revenue,"Summary: 16 confirmed students represent about $296,000 in tuition revenue.
Context: Estimate based on $18,500 per enrolment.
Action: A further 27 offers could add about $299,700 if 60% convert."
2025-10-04T12:44:49+00:00,manager,due_payments,Due Payments,"Summary: 93 of 100 applicants (93%) prefer to pay less than half upfront.
Context: Payment preferences were captured from engaged applicants.
Action: Coordinate follow-ups with Bright Future Consultants, who manages 33 of these cases."
2025-10-04T12:44:49+00:00,manager,course_performance,Course Performance,"Summary: Bachelor of Business leads with 5 active students—0 more than Bachelor of Engineering.
Context: 16 learners are currently engaged across all courses.
Action: Share Bachelor of Business's approach to help Bachelor of Engineering close the gap."
2025-10-04T12:44:49+00:00,manager,study_reasons,Top Study Reasons,"Summary: 'For personal interest / self-development' is the leading motivation with 66 students (66%).
Context: 'To get a better job / promotion' follows with 20 mentions.
Action: Tailor messaging to emphasise these motivations during counselling."
2025-10-04T12:44:49+00:00,leader,top_agents,Top Performing Agents,"Summary: Global Pathways leads with 8 enrolments (25% conversion), 4 ahead of NextGen Education.
Context: NextGen Education has 4 confirmed students and can close the gap with targeted support.
Action: Ask Global Pathways to mentor NextGen Education on high-conversion tactics."
2025-10-04T12:44:49+00:00,leader,enrollment_trend,Enrolment Trend,"Summary: Jul b'\xe9\x07\x00\x00\x00\x00\x00\x00' recorded 1 enrolments, 0 up from T3 b'\xe8\x07\x00\x00\x00\x00\x00\x00'.
Context: The trend reflects 9 recent intakes with reliable data.
Action: Reinforce the campaigns that lifted the latest intake."
2025-10-04T12:44:49+00:00,leader,estimated_revenue,Estimated Revenue,"Summary: 16 confirmed students represent about $296,000 in tuition revenue.
Context: Estimate based on $18,500 per enrolment.
Action: A further 27 offers could add about $299,700 if 60% convert."
2025-10-04T13:08:16+00:00,manager,due_payments,Due Payments,"Summary: 93 of 100 applicants (93%) prefer to pay less than half upfront.
Context: Payment preferences were captured from engaged applicants.
Action: Coordinate follow-ups with Bright Future Consultants, who manages 33 of these cases."
2025-10-04T13:08:16+00:00,manager,course_performance,Course Performance,"Summary: Bachelor of Nursing leads with 14 active students—2 more than Bachelor of Business.
Context: 43 learners are currently engaged across all courses.
Action: Share Bachelor of Nursing's approach to help Bachelor of Business close the gap."
2025-10-04T13:08:16+00:00,manager,study_reasons,Top Study Reasons,"Summary: 'For personal interest / self-development' is the leading motivation with 66 students (66%).
Context: 'To get a better job / promotion' follows with 20 mentions.
Action: Tailor messaging to emphasise these motivations during counselling."
2025-10-04T13:08:16+00:00,leader,top_agents,Top Performing Agents,"Summary: Global Pathways leads with 14 enrolments (44% conversion), 0 ahead of Bright Future Consultants.
Context: Bright Future Consultants has 14 confirmed students and can close the gap with targeted support.
Action: Ask Global Pathways to mentor Bright Future Consultants on high-conversion tactics."
2025-10-04T13:08:16+00:00,leader,enrollment_trend,Enrolment Trend,"Summary: T3 b'\xe8\x07\x00\x00\x00\x00\x00\x00' recorded 6 enrolments, 3 up from T3 b'\xe7\x07\x00\x00\x00\x00\x00\x00'.
Context: The trend reflects 9 recent intakes with reliable data.
Action: Reinforce the campaigns that lifted the latest intake."
2025-10-04T13:08:16+00:00,leader,estimated_revenue,Estimated Revenue,"Summary: 43 confirmed students represent about $795,500 in tuition revenue.
Context: Estimate based on $18,500 per enrolment.
Action: A further 32 offers could add about $355,200 if 60% convert."
2025-10-04T13:08:16+00:00,manager,due_payments,Due Payments,"Summary: 93 of 100 applicants (93%) prefer to pay less than half upfront.
Context: Payment preferences were captured from engaged applicants.
Action: Coordinate follow-ups with Bright Future Consultants, who manages 33 of these cases."
2025-10-04T13:08:16+00:00,manager,course_performance,Course Performance,"Summary: Bachelor of Nursing leads with 14 active students—2 more than Bachelor of Business.
Context: 43 learners are currently engaged across all courses.
Action: Share Bachelor of Nursing's approach to help Bachelor of Business close the gap."
2025-10-04T13:08:16+00:00,manager,study_reasons,Top Study Reasons,"Summary: 'For personal interest / self-development' is the leading motivation with 66 students (66%).
Context: 'To get a better job / promotion' follows with 20 mentions.
Action: Tailor messaging to emphasise these motivations during counselling."
2025-10-04T13:08:16+00:00,leader,top_agents,Top Performing Agents,"Summary: Global Pathways leads with 14 enrolments (44% conversion), 0 ahead of Bright Future Consultants.
Context: Bright Future Consultants has 14 confirmed students and can close the gap with targeted support.
Action: Ask Global Pathways to mentor Bright Future Consultants on high-conversion tactics."
2025-10-04T13:08:16+00:00,leader,enrollment_trend,Enrolment Trend,"Summary: T3 b'\xe8\x07\x00\x00\x00\x00\x00\x00' recorded 6 enrolments, 3 up from T3 b'\xe7\x07\x00\x00\x00\x00\x00\x00'.
Context: The trend reflects 9 recent intakes with reliable data.
Action: Reinforce the campaigns that lifted the latest intake."
2025-10-04T13:08:16+00:00,leader,estimated_revenue,Estimated Revenue,"Summary: 43 confirmed students represent about $795,500 in tuition revenue.
Context: Estimate based on $18,500 per enrolment.
Action: A further 32 offers could add about $355,200 if 60% convert."
2025-10-04T13:08:17+00:00,manager,due_payments,Due Payments,"Summary: 93 of 100 applicants (93%) prefer to pay less than half upfront.
Context: Payment preferences were captured from engaged applicants.
Action: Coordinate follow-ups with Bright Future Consultants, who manages 33 of these cases."
2025-10-04T13:08:17+00:00,manager,course_performance,Course Performance,"Summary: Bachelor of Nursing leads with 14 active students—2 more than Bachelor of Business.
Context: 43 learners are currently engaged across all courses.
Action: Share Bachelor of Nursing's approach to help Bachelor of Business close the gap."
2025-10-04T13:08:17+00:00,manager,study_reasons,Top Study Reasons,"Summary: 'For personal interest / self-development' is the leading motivation with 66 students (66%).
Context: 'To get a better job / promotion' follows with 20 mentions.
Action: Tailor messaging to emphasise these motivations during counselling."
2025-10-04T13:08:17+00:00,leader,top_agents,Top Performing Agents,"Summary: Global Pathways leads with 14 enrolments (44% conversion), 0 ahead of Bright Future Consultants.
Context: Bright Future Consultants has 14 confirmed students and can close the gap with targeted support.
Action: Ask Global Pathways to mentor Bright Future Consultants on high-conversion tactics."
2025-10-04T13:08:17+00:00,leader,enrollment_trend,Enrolment Trend,"Summary: T3 b'\xe8\x07\x00\x00\x00\x00\x00\x00' recorded 6 enrolments, 3 up from T3 b'\xe7\x07\x00\x00\x00\x00\x00\x00'.
Context: The trend reflects 9 recent intakes with reliable data.
Action: Reinforce the campaigns that lifted the latest intake."
2025-10-04T13:08:17+00:00,leader,estimated_revenue,Estimated Revenue,"Summary: 43 confirmed students represent about $795,500 in tuition revenue.
Context: Estimate based on $18,500 per enrolment.
Action: A further 32 offers could add about $355,200 if 60% convert."
2025-10-04T13:08:17+00:00,manager,due_payments,Due Payments,"Summary: 93 of 100 applicants (93%) prefer to pay less than half upfront.
Context: Payment preferences were captured from engaged applicants.
Action: Coordinate follow-ups with Bright Future Consultants, who manages 33 of these cases."
2025-10-04T13:08:17+00:00,manager,course_performance,Course Performance,"Summary: Bachelor of Nursing leads with 14 active students—2 more than Bachelor of Business.
Context: 43 learners are currently engaged across all courses.
Action: Share Bachelor of Nursing's approach to help Bachelor of Business close the gap."
2025-10-04T13:08:17+00:00,manager,study_reasons,Top Study Reasons,"Summary: 'For personal interest / self-development' is the leading motivation with 66 students (66%).
Context: 'To get a better job / promotion' follows with 20 mentions.
Action: Tailor messaging to emphasise these motivations during counselling."
2025-10-04T13:08:17+00:00,leader,top_agents,Top Performing Agents,"Summary: Global Pathways leads with 14 enrolments (44% conversion), 0 ahead of Bright Future Consultants.
Context: Bright Future Consultants has 14 confirmed students and can close the gap with targeted support.
Action: Ask Global Pathways to mentor Bright Future Consultants on high-conversion tactics."
2025-10-04T13:08:17+00:00,leader,enrollment_trend,Enrolment Trend,"Summary: T3 b'\xe8\x07\x00\x00\x00\x00\x00\x00' recorded 6 enrolments, 3 up from T3 b'\xe7\x07\x00\x00\x00\x00\x00\x00'.
Context: The trend reflects 9 recent intakes with reliable data.
Action: Reinforce the campaigns that lifted the latest intake."
2025-10-04T13:08:17+00:00,leader,estimated_revenue,Estimated Revenue,"Summary: 43 confirmed students represent about $795,500 in tuition revenue.
Context: Estimate based on $18,500 per enrolment.
Action: A further 32 offers could add about $355,200 if 60% convert."
2025-10-04T13:23:16+00:00,manager,due_payments,Due Payments,"Summary: 93 of 100 applicants (93%) prefer to pay less than half upfront.
Context: Payment preferences were captured from engaged applicants.
Action: Coordinate follow-ups with Bright Future Consultants, who manages 33 of these cases."
2025-10-04T13:23:16+00:00,manager,course_performance,Course Performance,"Summary: Bachelor of Nursing leads with 14 active students—2 more than Bachelor of Business.
Context: 43 learners are currently engaged across all courses.
Action: Share Bachelor of Nursing's approach to help Bachelor of Business close the gap."
2025-10-04T13:23:16+00:00,manager,study_reasons,Top Study Reasons,"Summary: 'For personal interest / self-development' is the leading motivation with 66 students (66%).
Context: 'To get a better job / promotion' follows with 20 mentions.
Action: Tailor messaging to emphasise these motivations during counselling."
2025-10-04T13:23:16+00:00,leader,top_agents,Top Performing Agents,"Summary: Global Pathways leads with 14 enrolments (44% conversion), 0 ahead of Bright Future Consultants.
Context: Bright Future Consultants has 14 confirmed students and can close the gap with targeted support.
Action: Ask Global Pathways to mentor Bright Future Consultants on high-conversion tactics."
2025-10-04T13:23:16+00:00,leader,enrollment_trend,Enrolment Trend,"Summary: T3 b'\xe8\x07\x00\x00\x00\x00\x00\x00' recorded 6 enrolments, 3 up from T3 b'\xe7\x07\x00\x00\x00\x00\x00\x00'.
Context: The trend reflects 9 recent intakes with reliable data.
Action: Reinforce the campaigns that lifted the latest intake."
2025-10-04T13:23:16+00:00,leader,estimated_revenue,Estimated Revenue,"Summary: 43 confirmed students represent about $795,500 in tuition revenue.
Context: Estimate based on $18,500 per enrolment.
Action: A further 32 offers could add about $355,200 if 60% convert."
2025-10-04T13:23:17+00:00,manager,due_payments,Due Payments,"Summary: 93 of 100 applicants (93%) prefer to pay less than half upfront.
Context: Payment preferences were captured from engaged applicants.
Action: Coordinate follow-ups with Bright Future Consultants, who manages 33 of these cases."
2025-10-04T13:23:17+00:00,manager,course_performance,Course Performance,"Summary: Bachelor of Nursing leads with 14 active students—2 more than Bachelor of Business.
Context: 43 learners are currently engaged across all courses.
Action: Share Bachelor of Nursing's approach to help Bachelor of Business close the gap."
2025-10-04T13:23:17+00:00,manager,study_reasons,Top Study Reasons,"Summary: 'For personal interest / self-development' is the leading motivation with 66 students (66%).
Context: 'To get a better job / promotion' follows with 20 mentions.
Action: Tailor messaging to emphasise these motivations during counselling."
2025-10-04T13:23:17+00:00,leader,top_agents,Top Performing Agents,"Summary: Global Pathways leads with 14 enrolments (44% conversion), 0 ahead of Bright Future Consultants.
Context: Bright Future Consultants has 14 confirmed students and can close the gap with targeted support.
Action: Ask Global Pathways to mentor Bright Future Consultants on high-conversion tactics."
2025-10-04T13:23:17+00:00,leader,enrollment_trend,Enrolment Trend,"Summary: T3 b'\xe8\x07\x00\x00\x00\x00\x00\x00' recorded 6 enrolments, 3 up from T3 b'\xe7\x07\x00\x00\x00\x00\x00\x00'.
Context: The trend reflects 9 recent intakes with reliable data.
Action: Reinforce the campaigns that lifted the latest intake."
2025-10-04T13:23:17+00:00,leader,estimated_revenue,Estimated Revenue,"Summary: 43 confirmed students represent about $795,500 in tuition revenue.
Context: Estimate based on $18,500 per enrolment.
Action: A further 32 offers could add about $355,200 if 60% convert."
2025-10-04T13:38:16+00:00,manager,due_payments,Due Payments,"Summary: 93 of 100 applicants (93%) prefer to pay less than half upfront.
Context: Payment preferences were captured from engaged applicants.
Action: Coordinate follow-ups with Bright Future Consultants, who manages 33 of these cases."
2025-10-04T13:38:16+00:00,manager,course_performance,Course Performance,"Summary: Bachelor of Nursing leads with 14 active students—2 more than Bachelor of Business.
Context: 43 learners are currently engaged across all courses.
Action: Share Bachelor of Nursing's approach to help Bachelor of Business close the gap."
2025-10-04T13:38:16+00:00,manager,study_reasons,Top Study Reasons,"Summary: 'For personal interest / self-development' is the leading motivation with 66 students (66%).
Context: 'To get a better job / promotion' follows with 20 mentions.
Action: Tailor messaging to emphasise these motivations during counselling."
2025-10-04T13:38:16+00:00,leader,top_agents,Top Performing Agents,"Summary: Global Pathways leads with 14 enrolments (44% conversion), 0 ahead of Bright Future Consultants.
Context: Bright Future Consultants has 14 confirmed students and can close the gap with targeted support.
Action: Ask Global Pathways to mentor Bright Future Consultants on high-conversion tactics."
2025-10-04T13:38:16+00:00,leader,enrollment_trend,Enrolment Trend,"Summary: T3 b'\xe8\x07\x00\x00\x00\x00\x00\x00' recorded 6 enrolments, 3 up from T3 b'\xe7\x07\x00\x00\x00\x00\x00\x00'.
Context: The trend reflects 9 recent intakes with reliable data.
Action: Reinforce the campaigns that lifted the latest intake."
2025-10-04T13:38:16+00:00,leader,estimated_revenue,Estimated Revenue,"Summary: 43 confirmed students represent about $795,500 in tuition revenue.
Context: Estimate based on $18,500 per enrolment.
Action: A further 32 offers could add about $355,200 if 60% convert."
2025-10-04T13:38:17+00:00,manager,due_payments,Due Payments,"Summary: 93 of 100 applicants (93%) prefer to pay less than half upfront.
Context: Payment preferences were captured from engaged applicants.
Action: Coordinate follow-ups with Bright Future Consultants, who manages 33 of these cases."
2025-10-04T13:38:17+00:00,manager,course_performance,Course Performance,"Summary: Bachelor of Nursing leads with 14 active students—2 more than Bachelor of Business.
Context: 43 learners are currently engaged across all courses.
Action: Share Bachelor of Nursing's approach to help Bachelor of Business close the gap."
2025-10-04T13:38:17+00:00,manager,study_reasons,Top Study Reasons,"Summary: 'For personal interest / self-development' is the leading motivation with 66 students (66%).
Context: 'To get a better job / promotion' follows with 20 mentions.
Action: Tailor messaging to emphasise these motivations during counselling."
2025-10-04T13:38:17+00:00,leader,top_agents,Top Performing Agents,"Summary: Global Pathways leads with 14 enrolments (44% conversion), 0 ahead of Bright Future Consultants.
Context: Bright Future Consultants has 14 confirmed students and can close the gap with targeted support.
Action: Ask Global Pathways to mentor Bright Future Consultants on high-conversion tactics."
2025-10-04T13:38:17+00:00,leader,enrollment_trend,Enrolment Trend,"Summary: T3 b'\xe8\x07\x00\x00\x00\x00\x00\x00' recorded 6 enrolments, 3 up from T3 b'\xe7\x07\x00\x00\x00\x00\x00\x00'.
Context: The trend reflects 9 recent intakes with reliable data.
Action: Reinforce the campaigns that lifted the latest intake."
2025-10-04T13:38:17+00:00,leader,estimated_revenue,Estimated Revenue,"Summary: 43 confirmed students represent about $795,500 in tuition revenue.
Context: Estimate based on $18,500 per enrolment.
Action: A further 32 offers could add about $355,200 if 60% convert."
2025-10-04T13:53:16+00:00,manager,due_payments,Due Payments,"Summary: 93 of 100 applicants (93%) prefer to pay less than half upfront.
Context: Payment preferences were captured from engaged applicants.
Action: Coordinate follow-ups with Bright Future Consultants, who manages 33 of these cases."
2025-10-04T13:53:16+00:00,manager,course_performance,Course Performance,"Summary: Bachelor of Nursing leads with 14 active students—2 more than Bachelor of Business.
Context: 43 learners are currently engaged across all courses.
Action: Share Bachelor of Nursing's approach to help Bachelor of Business close the gap."
2025-10-04T13:53:16+00:00,manager,study_reasons,Top Study Reasons,"Summary: 'For personal interest / self-development' is the leading motivation with 66 students (66%).
Context: 'To get a better job / promotion' follows with 20 mentions.
Action: Tailor messaging to emphasise these motivations during counselling."
2025-10-04T13:53:16+00:00,leader,top_agents,Top Performing Agents,"Summary: Global Pathways leads with 14 enrolments (44% conversion), 0 ahead of Bright Future Consultants.
Context: Bright Future Consultants has 14 confirmed students and can close the gap with targeted support.
Action: Ask Global Pathways to mentor Bright Future Consultants on high-conversion tactics."
2025-10-04T13:53:16+00:00,leader,enrollment_trend,Enrolment Trend,"Summary: T3 b'\xe8\x07\x00\x00\x00\x00\x00\x00' recorded 6 enrolments, 3 up from T3 b'\xe7\x07\x00\x00\x00\x00\x00\x00'.
Context: The trend reflects 9 recent intakes with reliable data.
Action: Reinforce the campaigns that lifted the latest intake."
2025-10-04T13:53:16+00:00,leader,estimated_revenue,Estimated Revenue,"Summary: 43 confirmed students represent about $795,500 in tuition revenue.
Context: Estimate based on $18,500 per enrolment.
Action: A further 32 offers could add about $355,200 if 60% convert."
2025-10-04T13:53:17+00:00,manager,due_payments,Due Payments,"Summary: 93 of 100 applicants (93%) prefer to pay less than half upfront.
Context: Payment preferences were captured from engaged applicants.
Action: Coordinate follow-ups with Bright Future Consultants, who manages 33 of these cases."
2025-10-04T13:53:17+00:00,manager,course_performance,Course Performance,"Summary: Bachelor of Nursing leads with 14 active students—2 more than Bachelor of Business.
Context: 43 learners are currently engaged across all courses.
Action: Share Bachelor of Nursing's approach to help Bachelor of Business close the gap."
2025-10-04T13:53:17+00:00,manager,study_reasons,Top Study Reasons,"Summary: 'For personal interest / self-development' is the leading motivation with 66 students (66%).
Context: 'To get a better job / promotion' follows with 20 mentions.
Action: Tailor messaging to emphasise these motivations during counselling."
2025-10-04T13:53:17+00:00,leader,top_agents,Top Performing Agents,"Summary: Global Pathways leads with 14 enrolments (44% conversion), 0 ahead of Bright Future Consultants.
Context: Bright Future Consultants has 14 confirmed students and can close the gap with targeted support.
Action: Ask Global Pathways to mentor Bright Future Consultants on high-conversion tactics."
2025-10-04T13:53:17+00:00,leader,enrollment_trend,Enrolment Trend,"Summary: T3 b'\xe8\x07\x00\x00\x00\x00\x00\x00' recorded 6 enrolments, 3 up from T3 b'\xe7\x07\x00\x00\x00\x00\x00\x00'.
Context: The trend reflects 9 recent intakes with reliable data.
Action: Reinforce the campaigns that lifted the latest intake."
2025-10-04T13:53:17+00:00,leader,estimated_revenue,Estimated Revenue,"Summary: 43 confirmed students represent about $795,500 in tuition revenue.
Context: Estimate based on $18,500 per enrolment.
Action: A further 32 offers could add about $355,200 if 60% convert."
2025-10-04T14:08:16+00:00,manager,due_payments,Due Payments,"Summary: 93 of 100 applicants (93%) prefer to pay less than half upfront.
Context: Payment preferences were captured from engaged applicants.
Action: Coordinate follow-ups with Bright Future Consultants, who manages 33 of these cases."
2025-10-04T14:08:16+00:00,manager,course_performance,Course Performance,"Summary: Bachelor of Nursing leads with 14 active students—2 more than Bachelor of Business.
Context: 43 learners are currently engaged across all courses.
Action: Share Bachelor of Nursing's approach to help Bachelor of Business close the gap."
2025-10-04T14:08:16+00:00,manager,study_reasons,Top Study Reasons,"Summary: 'For personal interest / self-development' is the leading motivation with 66 students (66%).
Context: 'To get a better job / promotion' follows with 20 mentions.
Action: Tailor messaging to emphasise these motivations during counselling."
2025-10-04T14:08:16+00:00,leader,top_agents,Top Performing Agents,"Summary: Global Pathways leads with 14 enrolments (44% conversion), 0 ahead of Bright Future Consultants.
Context: Bright Future Consultants has 14 confirmed students and can close the gap with targeted support.
Action: Ask Global Pathways to mentor Bright Future Consultants on high-conversion tactics."
2025-10-04T14:08:16+00:00,leader,enrollment_trend,Enrolment Trend,"Summary: T3 b'\xe8\x07\x00\x00\x00\x00\x00\x00' recorded 6 enrolments, 3 up from T3 b'\xe7\x07\x00\x00\x00\x00\x00\x00'.
Context: The trend reflects 9 recent intakes with reliable data.
Action: Reinforce the campaigns that lifted the latest intake."
2025-10-04T14:08:16+00:00,leader,estimated_revenue,Estimated Revenue,"Summary: 43 confirmed students represent about $795,500 in tuition revenue.
Context: Estimate based on $18,500 per enrolment.
Action: A further 32 offers could add about $355,200 if 60% convert."
2025-10-04T14:08:17+00:00,manager,due_payments,Due Payments,"Summary: 93 of 100 applicants (93%) prefer to pay less than half upfront.
Context: Payment preferences were captured from engaged applicants.
Action: Coordinate follow-ups with Bright Future Consultants, who manages 33 of these cases."
2025-10-04T14:08:17+00:00,manager,course_performance,Course Performance,"Summary: Bachelor of Nursing leads with 14 active students—2 more than Bachelor of Business.
Context: 43 learners are currently engaged across all courses.
Action: Share Bachelor of Nursing's approach to help Bachelor of Business close the gap."
2025-10-04T14:08:17+00:00,manager,study_reasons,Top Study Reasons,"Summary: 'For personal interest / self-development' is the leading motivation with 66 students (66%).
Context: 'To get a better job / promotion' follows with 20 mentions.
Action: Tailor messaging to emphasise these motivations during counselling."
2025-10-04T14:08:17+00:00,leader,top_agents,Top Performing Agents,"Summary: Global Pathways leads with 14 enrolments (44% conversion), 0 ahead of Bright Future Consultants.
Context: Bright Future Consultants has 14 confirmed students and can close the gap with targeted support.
Action: Ask Global Pathways to mentor Bright Future Consultants on high-conversion tactics."
2025-10-04T14:08:17+00:00,leader,enrollment_trend,Enrolment Trend,"Summary: T3 b'\xe8\x07\x00\x00\x00\x00\x00\x00' recorded 6 enrolments, 3 up from T3 b'\xe7\x07\x00\x00\x00\x00\x00\x00'.
Context: The trend reflects 9 recent intakes with reliable data.
Action: Reinforce the campaigns that lifted the latest intake."
2025-10-04T14:08:17+00:00,leader,estimated_revenue,Estimated Revenue,"Summary: 43 confirmed students represent about $795,500 in tuition revenue.
Context: Estimate based on $18,500 per enrolment.
Action: A further 32 offers could add about $355,200 if 60% convert."
2025-10-04T15:15:58+00:00,manager,due_payments,Due Payments,"Summary: 93 of 100 applicants (93%) prefer to pay less than half upfront.
Context: Payment preferences were captured from engaged applicants.
Action: Coordinate follow-ups with Bright Future Consultants, who manages 33 of these cases."
2025-10-04T15:15:58+00:00,manager,course_performance,Course Performance,"Summary: Bachelor of Nursing leads with 14 active students—2 more than Bachelor of Business.
Context: 43 learners are currently engaged across all courses.
Action: Share Bachelor of Nursing's approach to help Bachelor of Business close the gap."
2025-10-04T15:15:58+00:00,manager,study_reasons,Top Study Reasons,"Summary: 'Job Interest' is the leading motivation with 40 students (40%).
Context: 'Career Development' follows with 40 mentions.
Action: Tailor messaging to emphasise these motivations during counselling."
2025-10-04T15:15:58+00:00,leader,top_agents,Top Performing Agents,"Summary: Global Pathways leads with 14 enrolments (44% conversion), 0 ahead of Bright Future Consultants.
Context: Bright Future Consultants has 14 confirmed students and can close the gap with targeted support.
Action: Ask Global Pathways to mentor Bright Future Consultants on high-conversion tactics."
2025-10-04T15:15:58+00:00,leader,enrollment_trend,Enrolment Trend,"Summary: T3 recorded 10 enrolments, 9 down from T2.
Context: The trend reflects 3 recent intakes with reliable data.
Action: Investigate the drop-off drivers with recruitment leads."
2025-10-04T15:15:58+00:00,leader,estimated_revenue,Estimated Revenue,"Summary: 43 confirmed students represent about $795,500 in tuition revenue.
Context: Estimate based on $18,500 per enrolment.
Action: A further 32 offers could add about $355,200 if 60% convert."
2025-10-04T15:15:58+00:00,manager,due_payments,Due Payments,"Summary: 93 of 100 applicants (93%) prefer to pay less than half upfront.
Context: Payment preferences were captured from engaged applicants.
Action: Coordinate follow-ups with Bright Future Consultants, who manages 33 of these cases."
2025-10-04T15:15:58+00:00,manager,course_performance,Course Performance,"Summary: Bachelor of Nursing leads with 14 active students—2 more than Bachelor of Business.
Context: 43 learners are currently engaged across all courses.
Action: Share Bachelor of Nursing's approach to help Bachelor of Business close the gap."
2025-10-04T15:15:58+00:00,manager,study_reasons,Top Study Reasons,"Summary: 'Job Interest' is the leading motivation with 40 students (40%).
Context: 'Career Development' follows with 40 mentions.
Action: Tailor messaging to emphasise these motivations during counselling."
2025-10-04T15:15:58+00:00,leader,top_agents,Top Performing Agents,"Summary: Global Pathways leads with 14 enrolments (44% conversion), 0 ahead of Bright Future Consultants.
Context: Bright Future Consultants has 14 confirmed students and can close the gap with targeted support.
Action: Ask Global Pathways to mentor Bright Future Consultants on high-conversion tactics."
2025-10-04T15:15:58+00:00,leader,enrollment_trend,Enrolment Trend,"Summary: T3 recorded 10 enrolments, 9 down from T2.
Context: The trend reflects 3 recent intakes with reliable data.
Action: Investigate the drop-off drivers with recruitment leads."
2025-10-04T15:15:58+00:00,leader,estimated_revenue,Estimated Revenue,"Summary: 43 confirmed students represent about $795,500 in tuition revenue.
Context: Estimate based on $18,500 per enrolment.
Action: A further 32 offers could add about $355,200 if 60% convert."
2025-10-04T15:15:59+00:00,manager,due_payments,Due Payments,"Summary: 93 of 100 applicants (93%) prefer to pay less than half upfront.
Context: Payment preferences were captured from engaged applicants.
Action: Coordinate follow-ups with Bright Future Consultants, who manages 33 of these cases."
2025-10-04T15:15:59+00:00,manager,course_performance,Course Performance,"Summary: Bachelor of Nursing leads with 14 active students—2 more than Bachelor of Business.
Context: 43 learners are currently engaged across all courses.
Action: Share Bachelor of Nursing's approach to help Bachelor of Business close the gap."
2025-10-04T15:15:59+00:00,manager,study_reasons,Top Study Reasons,"Summary: 'Job Interest' is the leading motivation with 40 students (40%).
Context: 'Career Development' follows with 40 mentions.
Action: Tailor messaging to emphasise these motivations during counselling."
2025-10-04T15:15:59+00:00,leader,top_agents,Top Performing Agents,"Summary: Global Pathways leads with 14 enrolments (44% conversion), 0 ahead of Bright Future Consultants.
Context: Bright Future Consultants has 14 confirmed students and can close the gap with targeted support.
Action: Ask Global Pathways to mentor Bright Future Consultants on high-conversion tactics."
2025-10-04T15:15:59+00:00,leader,enrollment_trend,Enrolment Trend,"Summary: T3 recorded 10 enrolments, 9 down from T2.
Context: The trend reflects 3 recent intakes with reliable data.
Action: Investigate the drop-off drivers with recruitment leads."
2025-10-04T15:15:59+00:00,leader,estimated_revenue,Estimated Revenue,"Summary: 43 confirmed students represent about $795,500 in tuition revenue.
Context: Estimate based on $18,500 per enrolment.
Action: A further 32 offers could add about $355,200 if 60% convert."
2025-10-04T15:15:59+00:00,manager,due_payments,Due Payments,"Summary: 93 of 100 applicants (93%) prefer to pay less than half upfront.
Context: Payment preferences were captured from engaged applicants.
Action: Coordinate follow-ups with Bright Future Consultants, who manages 33 of these cases."
2025-10-04T15:15:59+00:00,manager,course_performance,Course Performance,"Summary: Bachelor of Nursing leads with 14 active students—2 more than Bachelor of Business.
Context: 43 learners are currently engaged across all courses.
Action: Share Bachelor of Nursing's approach to help Bachelor of Business close the gap."
2025-10-04T15:15:59+00:00,manager,study_reasons,Top Study Reasons,"Summary: 'Job Interest' is the leading motivation with 40 students (40%).
Context: 'Career Development' follows with 40 mentions.
Action: Tailor messaging to emphasise these motivations during counselling."
2025-10-04T15:15:59+00:00,leader,top_agents,Top Performing Agents,"Summary: Global Pathways leads with 14 enrolments (44% conversion), 0 ahead of Bright Future Consultants.
Context: Bright Future Consultants has 14 confirmed students and can close the gap with targeted support.
Action: Ask Global Pathways to mentor Bright Future Consultants on high-conversion tactics."
2025-10-04T15:15:59+00:00,leader,enrollment_trend,Enrolment Trend,"Summary: T3 recorded 10 enrolments, 9 down from T2.
Context: The trend reflects 3 recent intakes with reliable data.
Action: Investigate the drop-off drivers with recruitment leads."
2025-10-04T15:15:59+00:00,leader,estimated_revenue,Estimated Revenue,"Summary: 43 confirmed students represent about $795,500 in tuition revenue.
Context: Estimate based on $18,500 per enrolment.
Action: A further 32 offers could add about $355,200 if 60% convert."
2025-10-04T15:47:38+00:00,manager,due_payments,Due Payments,"Summary: 93 of 100 applicants (93%) prefer to pay less than half upfront.
Context: Payment preferences were captured from engaged applicants.
Action: Coordinate follow-ups with Bright Future Consultants, who manages 33 of these cases."
2025-10-04T15:47:38+00:00,manager,course_performance,Course Performance,"Summary: Bachelor of Nursing leads with 14 active students—2 more than Bachelor of Business.
Context: 43 learners are currently engaged across all courses.
Action: Share Bachelor of Nursing's approach to help Bachelor of Business close the gap."
2025-10-04T15:47:38+00:00,manager,study_reasons,Top Study Reasons,"Summary: 'Job Interest' is the leading motivation with 40 students (40%).
Context: 'Career Development' follows with 40 mentions.
Action: Tailor messaging to emphasise these motivations during counselling."
2025-10-04T15:47:38+00:00,leader,top_agents,Top Performing Agents,"Summary: Global Pathways leads with 14 enrolments (44% conversion), 0 ahead of Bright Future Consultants.
Context: Bright Future Consultants has 14 confirmed students and can close the gap with targeted support.
Action: Ask Global Pathways to mentor Bright Future Consultants on high-conversion tactics."
2025-10-04T15:47:38+00:00,leader,estimated_revenue,Estimated Revenue,"Summary: 43 confirmed students represent about $795,500 in tuition revenue.
Context: Estimate based on $18,500 per enrolment.
Action: A further 32 offers could add about $355,200 if 60% convert."
2025-10-04T15:47:38+00:00,leader,campus_demand,Campus Demand,"Summary: Melbourne City Campus attracts 21 students (49%), leading campus demand.
Context: Sydney Campus is the next preference with 15 prospects.
Action: Balance marketing and resources across the top campuses."
2025-10-04T15:47:38+00:00,manager,due_payments,Due Payments,"Summary: 93 of 100 applicants (93%) prefer to pay less than half upfront.
Context: Payment preferences were captured from engaged applicants.
Action: Coordinate follow-ups with Bright Future Consultants, who manages 33 of these cases."
2025-10-04T15:47:38+00:00,manager,course_performance,Course Performance,"Summary: Bachelor of Nursing leads with 14 active students—2 more than Bachelor of Business.
Context: 43 learners are currently engaged across all courses.
Action: Share Bachelor of Nursing's approach to help Bachelor of Business close the gap."
2025-10-04T15:47:38+00:00,manager,study_reasons,Top Study Reasons,"Summary: 'Job Interest' is the leading motivation with 40 students (40%).
Context: 'Career Development' follows with 40 mentions.
Action: Tailor messaging to emphasise these motivations during counselling."
2025-10-04T15:47:38+00:00,leader,top_agents,Top Performing Agents,"Summary: Global Pathways leads with 14 enrolments (44% conversion), 0 ahead of Bright Future Consultants.
Context: Bright Future Consultants has 14 confirmed students and can close the gap with targeted support.
Action: Ask Global Pathways to mentor Bright Future Consultants on high-conversion tactics."
2025-10-04T15:47:38+00:00,leader,estimated_revenue,Estimated Revenue,"Summary: 43 confirmed students represent about $795,500 in tuition revenue.
Context: Estimate based on $18,500 per enrolment.
Action: A further 32 offers could add about $355,200 if 60% convert."
2025-10-04T15:47:38+00:00,leader,campus_demand,Campus Demand,"Summary: Melbourne City Campus attracts 21 students (49%), leading campus demand.
Context: Sydney Campus is the next preference with 15 prospects.
Action: Balance marketing and resources across the top campuses."
2025-10-04T15:47:39+00:00,manager,due_payments,Due Payments,"Summary: 93 of 100 applicants (93%) prefer to pay less than half upfront.
Context: Payment preferences were captured from engaged applicants.
Action: Coordinate follow-ups with Bright Future Consultants, who manages 33 of these cases."
2025-10-04T15:47:39+00:00,manager,course_performance,Course Performance,"Summary: Bachelor of Nursing leads with 14 active students—2 more than Bachelor of Business.
Context: 43 learners are currently engaged across all courses.
Action: Share Bachelor of Nursing's approach to help Bachelor of Business close the gap."
2025-10-04T15:47:39+00:00,manager,study_reasons,Top Study Reasons,"Summary: 'Job Interest' is the leading motivation with 40 students (40%).
Context: 'Career Development' follows with 40 mentions.
Action: Tailor messaging to emphasise these motivations during counselling."
2025-10-04T15:47:39+00:00,leader,top_agents,Top Performing Agents,"Summary: Global Pathways leads with 14 enrolments (44% conversion), 0 ahead of Bright Future Consultants.
Context: Bright Future Consultants has 14 confirmed students and can close the gap with targeted support.
Action: Ask Global Pathways to mentor Bright Future Consultants on high-conversion tactics."
2025-10-04T15:47:39+00:00,leader,estimated_revenue,Estimated Revenue,"Summary: 43 confirmed students represent about $795,500 in tuition revenue.
Context: Estimate based on $18,500 per enrolment.
Action: A further 32 offers could add about $355,200 if 60% convert."
2025-10-04T15:47:39+00:00,leader,campus_demand,Campus Demand,"Summary: Melbourne City Campus attracts 21 students (49%), leading campus demand.
Context: Sydney Campus is the next preference with 15 prospects.
Action: Balance marketing and resources across the top campuses."
2025-10-04T15:47:39+00:00,manager,due_payments,Due Payments,"Summary: 93 of 100 applicants (93%) prefer to pay less than half upfront.
Context: Payment preferences were captured from engaged applicants.
Action: Coordinate follow-ups with Bright Future Consultants, who manages 33 of these cases."
2025-10-04T15:47:39+00:00,manager,course_performance,Course Performance,"Summary: Bachelor of Nursing leads with 14 active students—2 more than Bachelor of Business.
Context: 43 learners are currently engaged across all courses.
Action: Share Bachelor of Nursing's approach to help Bachelor of Business close the gap."
2025-10-04T15:47:39+00:00,manager,study_reasons,Top Study Reasons,"Summary: 'Job Interest' is the leading motivation with 40 students (40%).
Context: 'Career Development' follows with 40 mentions.
Action: Tailor messaging to emphasise these motivations during counselling."
2025-10-04T15:47:39+00:00,leader,top_agents,Top Performing Agents,"Summary: Global Pathways leads with 14 enrolments (44% conversion), 0 ahead of Bright Future Consultants.
Context: Bright Future Consultants has 14 confirmed students and can close the gap with targeted support.
Action: Ask Global Pathways to mentor Bright Future Consultants on high-conversion tactics."
2025-10-04T15:47:39+00:00,leader,estimated_revenue,Estimated Revenue,"Summary: 43 confirmed students represent about $795,500 in tuition revenue.
Context: Estimate based on $18,500 per enrolment.
Action: A further 32 offers could add about $355,200 if 60% convert."
2025-10-04T15:47:39+00:00,leader,campus_demand,Campus Demand,"Summary: Melbourne City Campus attracts 21 students (49%), leading campus demand.
Context: Sydney Campus is the next preference with 15 prospects.
Action: Balance marketing and resources across the top campuses."
2025-10-04T16:02:38+00:00,manager,due_payments,Due Payments,"Summary: 93 of 100 applicants (93%) prefer to pay less than half upfront.
Context: Payment preferences were captured from engaged applicants.
Action: Coordinate follow-ups with Bright Future Consultants, who manages 33 of these cases."
2025-10-04T16:02:38+00:00,manager,course_performance,Course Performance,"Summary: Bachelor of Nursing leads with 14 active students—2 more than Bachelor of Business.
Context: 43 learners are currently engaged across all courses.
Action: Share Bachelor of Nursing's approach to help Bachelor of Business close the gap."
2025-10-04T16:02:38+00:00,manager,study_reasons,Top Study Reasons,"Summary: 'Job Interest' is the leading motivation with 40 students (40%).
Context: 'Career Development' follows with 40 mentions.
Action: Tailor messaging to emphasise these motivations during counselling."
2025-10-04T16:02:38+00:00,leader,top_agents,Top Performing Agents,"Summary: Global Pathways leads with 14 enrolments (44% conversion), 0 ahead of Bright Future Consultants.
Context: Bright Future Consultants has 14 confirmed students and can close the gap with targeted support.
Action: Ask Global Pathways to mentor Bright Future Consultants on high-conversion tactics."
2025-10-04T16:02:38+00:00,leader,estimated_revenue,Estimated Revenue,"Summary: 43 confirmed students represent about $795,500 in tuition revenue.
Context: Estimate based on $18,500 per enrolment.
Action: A further 32 offers could add about $355,200 if 60% convert."
2025-10-04T16:02:38+00:00,leader,campus_demand,Campus Demand,"Summary: Melbourne City Campus attracts 21 students (49%), leading campus demand.
Context: Sydney Campus is the next preference with 15 prospects.
Action: Balance marketing and resources across the top campuses."
2025-10-04T16:02:39+00:00,manager,due_payments,Due Payments,"Summary: 93 of 100 applicants (93%) prefer to pay less than half upfront.
Context: Payment preferences were captured from engaged applicants.
Action: Coordinate follow-ups with Bright Future Consultants, who manages 33 of these cases."
2025-10-04T16:02:39+00:00,manager,course_performance,Course Performance,"Summary: Bachelor of Nursing leads with 14 active students—2 more than Bachelor of Business.
Context: 43 learners are currently engaged across all courses.
Action: Share Bachelor of Nursing's approach to help Bachelor of Business close the gap."
2025-10-04T16:02:39+00:00,manager,study_reasons,Top Study Reasons,"Summary: 'Job Interest' is the leading motivation with 40 students (40%).
Context: 'Career Development' follows with 40 mentions.
Action: Tailor messaging to emphasise these motivations during counselling."
2025-10-04T16:02:39+00:00,leader,top_agents,Top Performing Agents,"Summary: Global Pathways leads with 14 enrolments (44% conversion), 0 ahead of Bright Future Consultants.
Context: Bright Future Consultants has 14 confirmed students and can close the gap with targeted support.
Action: Ask Global Pathways to mentor Bright Future Consultants on high-conversion tactics."
2025-10-04T16:02:39+00:00,leader,estimated_revenue,Estimated Revenue,"Summary: 43 confirmed students represent about $795,500 in tuition revenue.
Context: Estimate based on $18,500 per enrolment.
Action: A further 32 offers could add about $355,200 if 60% convert."
2025-10-04T16:02:39+00:00,leader,campus_demand,Campus Demand,"Summary: Melbourne City Campus attracts 21 students (49%), leading campus demand.
Context: Sydney Campus is the next preference with 15 prospects.
Action: Balance marketing and resources across the top campuses."
2025-10-04T16:07:14+00:00,manager,due_payments,Due Payments,"Summary: 93 of 100 applicants (93%) prefer to pay less than half upfront.
Context: Payment preferences were captured from engaged applicants.
Action: Coordinate follow-ups with Bright Future Consultants, who manages 33 of these cases."
2025-10-04T16:07:14+00:00,manager,course_performance,Course Performance,"Summary: Bachelor of Nursing leads with 14 active students—2 more than Bachelor of Business.
Context: 43 learners are currently engaged across all courses.
Action: Share Bachelor of Nursing's approach to help Bachelor of Business close the gap."
2025-10-04T16:07:14+00:00,manager,study_reasons,Top Study Reasons,"Summary: 'Job Interest' is the leading motivation with 40 students (40%).
Context: 'Career Development' follows with 40 mentions.
Action: Tailor messaging to emphasise these motivations during counselling."
2025-10-04T16:07:14+00:00,leader,top_agents,Top Performing Agents,"Summary: Global Pathways leads with 14 enrolments (44% conversion), 0 ahead of Bright Future Consultants.
Context: Bright Future Consultants has 14 confirmed students and can close the gap with targeted support.
Action: Ask Global Pathways to mentor Bright Future Consultants on high-conversion tactics."
2025-10-04T16:07:14+00:00,leader,estimated_revenue,Estimated Revenue,"Summary: 43 confirmed students represent about $795,500 in tuition revenue.
Context: Estimate based on $18,500 per enrolment.
Action: A further 32 offers could add about $355,200 if 60% convert."
2025-10-04T16:07:14+00:00,leader,campus_demand,Campus Demand,"Summary: Melbourne City Campus attracts 21 students (49%), leading campus demand.
Context: Sydney Campus is the next preference with 15 prospects.
Action: Balance marketing and resources across the top campuses."
2025-10-04T16:07:14+00:00,manager,due_payments,Due Payments,"Summary: 93 of 100 applicants (93%) prefer to pay less than half upfront.
Context: Payment preferences were captured from engaged applicants.
Action: Coordinate follow-ups with Bright Future Consultants, who manages 33 of these cases."
2025-10-04T16:07:14+00:00,manager,course_performance,Course Performance,"Summary: Bachelor of Nursing leads with 14 active students—2 more than Bachelor of Business.
Context: 43 learners are currently engaged across all courses.
Action: Share Bachelor of Nursing's approach to help Bachelor of Business close the gap."
2025-10-04T16:07:14+00:00,manager,study_reasons,Top Study Reasons,"Summary: 'Job Interest' is the leading motivation with 40 students (40%).
Context: 'Career Development' follows with 40 mentions.
Action: Tailor messaging to emphasise these motivations during counselling."
2025-10-04T16:07:14+00:00,leader,top_agents,Top Performing Agents,"Summary: Global Pathways leads with 14 enrolments (44% conversion), 0 ahead of Bright Future Consultants.
Context: Bright Future Consultants has 14 confirmed students and can close the gap with targeted support.
Action: Ask Global Pathways to mentor Bright Future Consultants on high-conversion tactics."
2025-10-04T16:07:14+00:00,leader,estimated_revenue,Estimated Revenue,"Summary: 43 confirmed students represent about $795,500 in tuition revenue.
Context: Estimate based on $18,500 per enrolment.
Action: A further 32 offers could add about $355,200 if 60% convert."
2025-10-04T16:07:14+00:00,leader,campus_demand,Campus Demand,"Summary: Melbourne City Campus attracts 21 students (49%), leading campus demand.
Context: Sydney Campus is the next preference with 15 prospects.
Action: Balance marketing and resources across the top campuses."
2025-10-05T06:37:10+00:00,manager,due_payments,Due Payments,"Summary: 93 of 100 applicants (93%) prefer to pay less than half upfront.
Context: Payment preferences were captured from engaged applicants.
Action: Coordinate follow-ups with Bright Future Consultants, who manages 33 of these cases."
2025-10-05T06:37:10+00:00,manager,course_performance,Course Performance,"Summary: Bachelor of Nursing leads with 14 active students—2 more than Bachelor of Business.
Context: 43 learners are currently engaged across all courses.
Action: Share Bachelor of Nursing's approach to help Bachelor of Business close the gap."
2025-10-05T06:37:10+00:00,manager,study_reasons,Top Study Reasons,"Summary: 'Job Interest' is the leading motivation with 40 students (40%).
Context: 'Career Development' follows with 40 mentions.
Action: Tailor messaging to emphasise these motivations during counselling."
2025-10-05T06:37:10+00:00,leader,top_agents,Top Performing Agents,"Summary: Global Pathways leads with 14 enrolments (44% conversion), 0 ahead of Bright Future Consultants.
Context: Bright Future Consultants has 14 confirmed students and can close the gap with targeted support.
Action: Ask Global Pathways to mentor Bright Future Consultants on high-conversion tactics."
2025-10-05T06:37:10+00:00,leader,estimated_revenue,Estimated Revenue,"Summary: 43 confirmed students represent about $795,500 in tuition revenue.
Context: Estimate based on $18,500 per enrolment.
Action: A further 32 offers could add about $355,200 if 60% convert."
2025-10-05T06:37:10+00:00,leader,campus_demand,Campus Demand,"Summary: Melbourne City Campus attracts 21 students (49%), leading campus demand.
Context: Sydney Campus is the next preference with 15 prospects.
Action: Balance marketing and resources across the top campuses."
2025-10-05T06:37:10+00:00,manager,due_payments,Due Payments,"Summary: 93 of 100 applicants (93%) prefer to pay less than half upfront.
Context: Payment preferences were captured from engaged applicants.
Action: Coordinate follow-ups with Bright Future Consultants, who manages 33 of these cases."
2025-10-05T06:37:10+00:00,manager,course_performance,Course Performance,"Summary: Bachelor of Nursing leads with 14 active students—2 more than Bachelor of Business.
Context: 43 learners are currently engaged across all courses.
Action: Share Bachelor of Nursing's approach to help Bachelor of Business close the gap."
2025-10-05T06:37:10+00:00,manager,study_reasons,Top Study Reasons,"Summary: 'Job Interest' is the leading motivation with 40 students (40%).
Context: 'Career Development' follows with 40 mentions.
Action: Tailor messaging to emphasise these motivations during counselling."
2025-10-05T06:37:10+00:00,leader,top_agents,Top Performing Agents,"Summary: Global Pathways leads with 14 enrolments (44% conversion), 0 ahead of Bright Future Consultants.
Context: Bright Future Consultants has 14 confirmed students and can close the gap with targeted support.
Action: Ask Global Pathways to mentor Bright Future Consultants on high-conversion tactics."
2025-10-05T06:37:10+00:00,leader,estimated_revenue,Estimated Revenue,"Summary: 43 confirmed students represent about $795,500 in tuition revenue.
Context: Estimate based on $18,500 per enrolment.
Action: A further 32 offers could add about $355,200 if 60% convert."
2025-10-05T06:37:10+00:00,leader,campus_demand,Campus Demand,"Summary: Melbourne City Campus attracts 21 students (49%), leading campus demand.
Context: Sydney Campus is the next preference with 15 prospects.
Action: Balance marketing and resources across the top campuses."
2025-10-05T06:37:11+00:00,manager,due_payments,Due Payments,"Summary: 93 of 100 applicants (93%) prefer to pay less than half upfront.
Context: Payment preferences were captured from engaged applicants.
Action: Coordinate follow-ups with Bright Future Consultants, who manages 33 of these cases."
2025-10-05T06:37:11+00:00,manager,course_performance,Course Performance,"Summary: Bachelor of Nursing leads with 14 active students—2 more than Bachelor of Business.
Context: 43 learners are currently engaged across all courses.
Action: Share Bachelor of Nursing's approach to help Bachelor of Business close the gap."
2025-10-05T06:37:11+00:00,manager,study_reasons,Top Study Reasons,"Summary: 'Job Interest' is the leading motivation with 40 students (40%).
Context: 'Career Development' follows with 40 mentions.
Action: Tailor messaging to emphasise these motivations during counselling."
2025-10-05T06:37:11+00:00,leader,top_agents,Top Performing Agents,"Summary: Global Pathways leads with 14 enrolments (44% conversion), 0 ahead of Bright Future Consultants.
Context: Bright Future Consultants has 14 confirmed students and can close the gap with targeted support.
Action: Ask Global Pathways to mentor Bright Future Consultants on high-conversion tactics."
2025-10-05T06:37:11+00:00,leader,estimated_revenue,Estimated Revenue,"Summary: 43 confirmed students represent about $795,500 in tuition revenue.
Context: Estimate based on $18,500 per enrolment.
Action: A further 32 offers could add about $355,200 if 60% convert."
2025-10-05T06:37:11+00:00,leader,campus_demand,Campus Demand,"Summary: Melbourne City Campus attracts 21 students (49%), leading campus demand.
Context: Sydney Campus is the next preference with 15 prospects.
Action: Balance marketing and resources across the top campuses."
2025-10-05T06:37:11+00:00,manager,due_payments,Due Payments,"Summary: 93 of 100 applicants (93%) prefer to pay less than half upfront.
Context: Payment preferences were captured from engaged applicants.
Action: Coordinate follow-ups with Bright Future Consultants, who manages 33 of these cases."
2025-10-05T06:37:11+00:00,manager,course_performance,Course Performance,"Summary: Bachelor of Nursing leads with 14 active students—2 more than Bachelor of Business.
Context: 43 learners are currently engaged across all courses.
Action: Share Bachelor of Nursing's approach to help Bachelor of Business close the gap."
2025-10-05T06:37:11+00:00,manager,study_reasons,Top Study Reasons,"Summary: 'Job Interest' is the leading motivation with 40 students (40%).
Context: 'Career Development' follows with 40 mentions.
Action: Tailor messaging to emphasise these motivations during counselling."
2025-10-05T06:37:11+00:00,leader,top_agents,Top Performing Agents,"Summary: Global Pathways leads with 14 enrolments (44% conversion), 0 ahead of Bright Future Consultants.
Context: Bright Future Consultants has 14 confirmed students and can close the gap with targeted support.
Action: Ask Global Pathways to mentor Bright Future Consultants on high-conversion tactics."
2025-10-05T06:37:11+00:00,leader,estimated_revenue,Estimated Revenue,"Summary: 43 confirmed students represent about $795,500 in tuition revenue.
Context: Estimate based on $18,500 per enrolment.
Action: A further 32 offers could add about $355,200 if 60% convert."
2025-10-05T06:37:11+00:00,leader,campus_demand,Campus Demand,"Summary: Melbourne City Campus attracts 21 students (49%), leading campus demand.
Context: Sydney Campus is the next preference with 15 prospects.
Action: Balance marketing and resources across the top campuses."
